"1","정기 예금","WR0001B","우리은행","WON플러스예금","- 가입기간: 1~36개월\
- 최소가입금액: 1만원 이상\
- 만기일을 일,월 단위로 자유롭게 선택 가능\
- 만기해지 시 신규일 당시 영업점과 인터넷 홈페이지에 고시된 계약기간별 금리 적용","1","실명의 개인","인터넷,스마트폰,전화(텔레뱅킹)","해당사항 없음","20241120"
"2","정기 예금","00320342","한국스탠다드차타드은행","e-그린세이브예금","디지털채널 전용상품 (인터넷, 모바일뱅킹)","1","개인(개인사업자 포함)","인터넷,스마트폰","1.SC제일은행 최초 거래 신규고객에 대하여 우대 이율을 제공함 (보너스이율0.2%)                     2.SC제일마이백통장에서 출금하여 이 예금을 신규하는경우에 보너스이율을 제공함\
(가입기간:1년제/ 보너스이율:0.1% / 만기해약하는 경우에 한해 보너스이율을 적용함)","20241120"
"3","정기 예금","10511008000996000","아이엠뱅크","iM주거래우대예금(첫만남고객형)","계좌당 가입 최저한도 : 100만원","1","실명의 개인","영업점,인터넷,스마트폰","* 최고우대금리 : 연0.65%p              \
 - 목돈굴리기예금 최초 가입시 : 연0.20%p\
 - 상품 가입 전 최근 1개월 이내 신용(체크)카드 신규 발급 : 연0.20%p\
 - 상품 가입 전 최근 1개월 이내 인터넷.폰.모바일앱뱅킹 가입 : 연0.20%p\
 * 해당 상품을 인터넷/모바일뱅킹을 통해 가입 : 연0.05%p","20241120"
"4","정기 예금","10511008001004000","아이엠뱅크","iM행복파트너예금(일반형)","계좌당 가입 최저한도 : 100만원","3","만50세 이상 실명의 개인","영업점,인터넷,스마트폰","* 최고우대금리 : 연0.45%p\
- 지난달 당행 통장으로 연금 입금 실적 보유 : 연0.10%p\
- 상품 가입 전 당행 신용(체크)카드 보유 : 연0.10%p\
- 지난 3개월 예금 평잔 30만원 이상 : 연0.10%p\
- iM행복파트너적금 동시 가입 및 만기 보유 : 연0.10%p\
* 해당 상품을 인터넷/모바일뱅킹을 통해 가입 : 연0.05%p","20241120"
"5","정기 예금","10511008001166004","아이엠뱅크","iM함께예금","계좌당 가입 최저한도 : 100만원","1","실명의 개인 및 개인사업자","영업점,인터넷,스마트폰","*최고우대금리: 연0.45%p\
-전월 총 수신 평잔실적 또는 상품 가입 전 첫만남플러스 통장 보유시 \
-당행 주택청약상품보유 \
-신규일 \"iM함께적금\" 동시 가입 및 만기 보유 \
-당행 오픈뱅킹서비스에 다른 은행 계좌 등록시 \
각 연0.10%p                       \
*해당 상품을 인터넷/모바일뱅킹을 통해 가입 시: 연0.05%p","20241120"
"6","정기 예금","10511008001278000","아이엠뱅크","iM스마트예금","계좌당 가입 최저한도 : 100만원","1","실명의 개인","인터넷,스마트폰","* 최고우대금리 : 연0.25%p\
- 가입일(재예치일)로부터 3개월 이내 아래 1가지 이상 요건 충족시\
① 당행 주택청약종합저축 보유\
② 당행 신용(체크)카드 결제실적 보유(결제금액 출금기준)\
* 해당 상품을 인터넷/모바일뱅킹을 통해 가입 : 연0.05%p","20241120"
"7","정기 예금","01030500510002","부산은행","LIVE정기예금","1. 가입금액 :\
   1천만원 이상\
2. 가입기간 : \
1개월 이상 60개월 이하(일단위)\
3. 월이자지급식/만기일시지급식","1","제한없음","영업점,인터넷","*우대이율\
가. 3~5개월 특판우대이율 : 0.75%\
나. 6~11개월 특판 우대이율: 0.65%\
다. 12개월 특판 우대이율 : 0.45%","20241120"
"8","정기 예금","01030500560002","부산은행","더(The) 특판 정기예금","1. 가입금액 : 1백만원 이상 제한없음 (원단위)\
2. 가입기간 : 1개월, 3개월, 6개월, 1년, 2년, 3년\
3. 이자지급방식 : 만기일시지급식","1","실명의 개인","인터넷,스마트폰","* 우대이율 (최대 0.45%p)\
가. 모바일뱅킹 금융정보 및 혜택알림 동의 우대이율 : 0.10%p\
나. 이벤트 우대이율 : 최대 0.35%p \
1) 더(The) 특판 정기예금 신규고객 우대이율 : 0.20%p\
2) 특판 우대이율 : 0.15%p","20241120"
"9","정기 예금","01030500600002","부산은행","더(The) 레벨업 정기예금","1. 가입금액 : 1백만원 이상 제한없음 (원단위)\
2. 가입기간 : 6개월, 1년\
3. 이자지급방식 : 만기일시지급식","1","실명의 개인","스마트폰","*우대이율(최대 0.20%p)\
가. 모바일뱅킹 금융정보 및 혜택알림 동의 우대이율 : 0.10%p\
나. 비대면 정기예금 재예치 우대이율  : 0.10%","20241120"
"10","정기 예금","TD11300027000","광주은행","미즈월복리정기예금","1. 가입기간 : 1년이상 3년제\
2. 가입금액 : 5백만원이상 최고 50백만원","1","만18세이상 여성으로 실명의 개인 및 개인사업자","영업점,인터넷,스마트폰,기타","▶ 최고우대금리 0.2% \
 ① 요구불평잔 : 0.2% -300만원이상 0.1%, 500만원이상 0.2%\
 ② 신용(체크)카드결제실적 : 0.1% -전월결제금 300만원이상 0.05%, 500만원이상 0.1%","20241120"
"11","정기 예금","TD11300031000","광주은행","스마트모아Dream정기예금","1. 가입기간 : 1개월이상 3년제\
2. 최소가입금액 : 100만원이상","1","개인 및 개인사업자","인터넷,스마트폰","▶ 1천만원 이상 가입시 최대 0.2%우대","20241120"
"12","정기 예금","TD11300035000","광주은행","굿스타트예금","1. 가입기간 : 1년제\
2. 가입금액 : 1백만원이상 최고 1억원(1인1계좌)","1","개인 및 개인사업자","스마트폰","▶ 최고우대금리 0.5% \
 ① 첫예금거래 : 0.4% -최근1년동안 정기예금 계좌 신규 또는 해지이력이 없는경우\
 ② 개인(신용)정보 수집이용동의 : 0.1% -만기일전일까지 유지시","20241120"
"13","정기 예금","TD11300036000","광주은행","The플러스예금","1. 가입기간 : 3개월,6개월,1년제\
2. 가입금액 : 10백만원이상 고객당 10억원한도","1","개인 및 법인(단,국가 지자체 및 금융기관 제외)","영업점,스마트폰","▶ 해당사항없음","20241120"
"14","정기 예금","101272000006","제주은행","제주Dream\
정기예금\
(개인/만기\
지급식)","가입금액 : 1백만원 이상","1","제한없음","영업점,인터넷,스마트폰","최고 연 0.1%p(항목별 0.1%p)\
①급여이체\
②적립식예금 잔액 10만원 이상 보유\
③탑스, 주거래 고객\
④결제계좌(가맹점) 전월 입금액 10만원 이상 \
⑤비과세종합저축 대상 고객\
⑥다자녀(3인이상 자녀)가정\
⑦탐나는 J연금통장 가입고객\
⑧국민연금안심통장 가입고객\
⑨공무원연금안심통장 가입고객","20241120"
"15","정기 예금","101272000057","제주은행","J정기예금\
(만기지급식)","가입금액 : 30만원 이상","1","실명의 \
개인 및 \
개인사업자","영업점,인터넷,스마트폰","- 아래의 우대요건 충족시 최고 0.5%p 추가 우대 \
①비대면 채널 가입시 0.3%제공(신규시제공)  \
(단, 이벤트시 디지털 채널에 고시한 우대금리를 추가 적용할 수 있음)\
②신규일로부터 만기달 제외한 계약기간의 1/2이상 매월 Jbank로그인 시 0.2%제공(만기시제공)","20241120"
"16","정기 예금","101272000058","제주은행","스마일드림 \
정기예금\
(개인/선이자\
지급식)","가입금액 : 1백만원 이상","1","실명의\
개인 및 \
개인사업자","영업점,인터넷,스마트폰","-아래의 우대요건 충족시 최고0.3% 추가우대(신규시제공)\
①김만덕나눔적금 보유 또는 김만적 나눔적금 만기 해지고객 0.2%우대(가입시제공)\
②예금가입시 탐나는전 체크카드 보유고객 0.1%우대(가입시제공)\
(단, 이벤트시 영업점,디지털채널에 고시한 우대금리를 추가 적용할 수 있음)","20241030"
"17","정기 예금","10-01-20-024-0046-0000","전북은행","JB 다이렉트예금통장\
(만기일시지급식)","가입금액 1계좌당 1백만원이상 10억원이하,\
1인당  총 10억원 이하,\
인터넷/스마트폰뱅킹 가입상품","1","실명의 개인(임의단체 제외","인터넷,스마트폰","우대조건\
없음","20241120"
"18","정기 예금","10-01-20-024-0059-0000","전북은행","JB 123 정기예금\
 (만기일시지급식)","예금의 신규 : 인터넷뱅킹, 모바일뱅킹, 모바일웹, BDT\
예금의 해지 : 인터넷뱅킹, 모바일뱅킹, 영업점\
가입금액 최저 1백만원이상 고객별 5억원 이상 (다만 자동재예치시 이자 원가로 인한 5억원 초과는 가능), 계좌수 관계없이 가입가능","1","실명의 개인 또는 개인사업자 (1인 다계좌 가입 가능함)","인터넷,스마트폰","자동재예치 우대이율\
1회차 0.1%,\
2회차 0.2%,\
3회차 0.3%\
12개월:첫거래고객\
0.3%, 마케팅동의고객 0.05%(~10/31일까지)단,가입후\
최초 1년동안에 한하여 제공","20241120"
"19","정기 예금","21001115","경남은행","BNK더조은정기예금","1. 이 예금의 계약기간은 3개월 이상 2년 이내 월단위로 한다.\
2. 가입금액은 1인당 최소 100만원 이상 5억원 이하이다.","1","거래대상자는 제한을 두지 아니한다. 다만, 국가 및 지방자치단체는 이 예금을 거래할 수 없다.","인터넷,스마트폰","①가입금액 20백만원 이상인 경우 0.20%\
②이 예금 신규시 금리우대쿠폰 등록할 경우 0.20% \
③ 경남은행 오픈뱅킹 서비스에 가입되어 있는 경우\
(만기시까지 해당서비스 유지하는 경우) 0.10%\
④ 자동재예치 신청 0.05%\
(단 금리우대쿠폰과 중복적용 불가)","20241120"
"20","정기 예금","21001203","경남은행","BNK주거래우대정기예금","1. 이 예금의 계약기간은 6개월, 1년, 2년으로 한다.\
2. 가입좌수 제한없으며 가입금액은 최소 1백만원 이상 최고 5억원 이하이다.","1","개인 및 개인사업자","인터넷,스마트폰","①급여,연금,가맹점대금 중 한 종류 입금할 경우 0.10%\
②당행 신용/체크카드 결제실적 보유할 경우 0.10%\
③가입일 기준 6개월이내 당행 정기예금 미보유 신규 고객인 경우 0.10%","20241120"
"21","정기 예금","21001266","경남은행","The든든예금","1. 이 예금의 계약기간은 12개월로 한다.\
2. 가입금액은 1인당 최소 100만원 이상 10억원 이하이다.","1","거래대상자는 제한을 두지 아니한다. 다만, 국가 및 지방자치단체는 이 예금을 거래할 수 없다.","인터넷,스마트폰","①가입고객 누구나 0.80%\
②신규고객 우대(최근 12개월 신규이력·해지이력 미보유) 0.15%\
    *가입기간 12개월만 적용\
③이벤트금리(비대면금리) 최대 0.35%\
  - The든든예금 전용금리 0.20%\
  - 신규고객 우대(최근 12개월 신규이력·해지이력 미보유) 0.15%\
    *가입기간 3,6개월만 적용","20241120"
"22","정기 예금","01211310121","중소기업은행","IBK평생한가족통장(실세금리정기예금)","계좌 수 제한 없으며, 최소 1백만원 이상 통합한도 1억원 이내 가입 가능","1","실명의 개인\
(개인사업자 제외)","영업점,인터넷,스마트폰","최고 연 0.20%p\
\
-고객별 우대 : 최고 연 0.05%p\
 1. 최초신규고객 : 연 0.05%p\
 2. 재예치고객 : 연 0.05%p\
 3. 장기거래고객 : 연 0.05%p\
\
-주거래우대 : 연 0.15%p","20241120"
"23","정기 예금","01211310130","중소기업은행","1석7조통장(실세금리정기예금)","계좌 수 제한 없으며, 최소 1백만원 이상 납입한도 제한 없음","1","실명의 개인\
(개인사업자 제외)","인터넷,스마트폰","없음","20241121"
"24","정기 예금","06492","한국산업은행","KDB 정기예금","해당없음","1","제한없음","영업점,인터넷,스마트폰","해당없음","20241120"
"25","정기 예금","010300100335","국민은행","KB Star 정기예금","- 가입금액 : 1백만원 이상","1","실명의 개인 또는 개인사업자","인터넷,스마트폰","해당무","20241120"
"26","정기 예금","200-0134-16","신한은행","신한My플러스 정기예금","1. 가입한도 :\
 50만원 이상 1억원 이내","1","개인고객","영업점,스마트폰","※가산금리 최고 연 0.2%\
- 정기예금 미보유 : 연 0.1%\
- 소득이체 : 연 0.1%","20241108"
"27","정기 예금","200-0135-12","신한은행","쏠편한 정기예금","1. 가입한도 :\
 1만원 이상","1","만14세이상 개인고객","인터넷,스마트폰","해당사항없음","20241120"
"28","정기 예금","10-003-1225-0001","농협은행주식회사","NH왈츠회전예금 II","※ 기본금리 및 최고 우대금리 항목은 가입기간이 아닌 ‘회전주기’기간별 금리를 공시\
 - 회전주기는 1개월 이상 12개월 이내 월단위로 선택 가능\
※ 전월취급평균금리는 본 홈페이지에 공시되지 않는 회전기간 6개월 미만의 계좌들도 포함하여 산출하기 때문에 회전기간별로 공시된 기본금리보다 낮게 보여질 수 있음","1","개인","영업점,인터넷,스마트폰","1. 급여이체실적(50만원 이상)이 있는 경우 : 0.1%p\
2. 트리플 회전 우대이율 :  4회전기간부터 0.1%p","20241121"
"29","정기 예금","10-003-1381-0001","농협은행주식회사","NH내가Green초록세상예금","1. 300만원이상 가입\
2. 온실가스 줄이기 실천서약서 동의시 가입가능\
3. 신규가입 계좌당 2천원씩 녹색환경기금 적립\
※ 자세한 사항은 상품설명서 참조","1","개인","영업점,인터넷,스마트폰","※ 우대금리 최대한도 : 0.4%p(연%, 세전)\
1. 온실가스 줄이기 실천서약서 동의 : 0.1%p\
2. 통장미발급 : 0.1%p\
3. 손하나로인증 서비스 등록 : 0.1%p\
4. NH내가Green초록세상적금 동시 보유 : 0.1%p","20241121"
"30","정기 예금","10-003-1384-0001","농협은행주식회사","NH올원e예금","1. 10만원 이상 10억원 이내 가입","1","개인","인터넷,스마트폰","없음","20241121"
"31","정기 예금","10-003-1387-0001","농협은행주식회사","NH고향사랑기부예금","1. 100만원 이상 가입\
2. 고향사랑기부금 우대금리는 농협은행/농축협 영업점 또는 고향사랑e음 홈페이지를 통한 고향사랑기부금 납부실적이 확인되는 경우 제공\
3. 연간 판매액의 0.1% 공익기금 적립\
\
※ 우대조건 관련 자세한 사항은 상품설명서 참조","1","개인","영업점,인터넷,스마트폰","1. 고향사랑기부금 납부고객 우대 : 0.5%p\
\
2-1. 만65세 이상 고령자 우대 : 0.1%p\
2-2. 만 19~34세 MZ고객 우대 : 0.1%p\
\
3. NH채움카드 또는 [zgm고향으로카드] 이용실적 우대 : 0.1%p\
 \
4. 고향사랑 특별금리 : 0.1%p (금리시장상황에 따라 변동 가능)\
 - 고향사랑 특별금리는 상품 가입고객 모두에게 적용","20241121"
"32","정기 예금","4","하나은행","하나의정기예금","1. 가입금액: 1백만원이상\
2. 1인 최대가입한도 : 제한 없음","1","실명의 개인 또는 개인사업자","스마트폰","해당사항없음","20241120"
"33","정기 예금","01013000110000000001","주식회사 케이뱅크","코드K 정기예금","가입금액 : 1백만원 이상\
가입기간 : 1개월~36개월","1","만 17세 이상 실명의 개인 및 개인사업자","스마트폰","우대조건 없음","20241120"
"34","정기 예금","10120110400011","수협은행","Sh평생주거래우대예금\
(만기일시지급식)","- 1인 1계좌\
- 최저 100만원 이상","1","실명의 개인","영업점","* 최대우대금리 : 0.4%\
1. 거래고객우대금리 : 최대0.1% (신규시) \
 -최초예적금고객/재예치/장기거래 각 0.05% \
2. 거래실적우대금리 : 최대0.3% (만기시)\
 -급여,연금이체등/수협카드결제/공과금이체등 각0.1%\
※단위:연%p","20241120"
"35","정기 예금","10120114300011","수협은행","Sh해양플라스틱Zero!예금\
(만기일시지급식)","- 1인 다계좌 가능. \
  단,  합산금액 5억원 이내 \
- 최저 100만원 이상","1","실명의 개인","영업점,인터넷,스마트폰","* 최대우대금리:0.35%\
1. 해양플라스틱감축서약 : 0.1% (신규시) \
2. 봉사활동 또는 상품홍보 : 0.15% (만기시) \
3. 입출금통장 최초신규 : 0.1% (만기시)\
4. 자동이체 출금실적 : 0.1% (만기시)\
 - 수협신용카드 / 당행 펀드 또는 적금 / 수협체크카드\
※단위:연%p","20241120"
"36","정기 예금","10120114700011","수협은행","헤이(Hey)정기예금","-1인 다계좌 가능.\
 단, 합산금액 최대 10억원 이내\
-최저 10만원 이상","1","실명의 개인","인터넷,스마트폰","없음","20241120"
"37","정기 예금","10120116100011","수협은행","Sh첫만남우대예금","-1인 1계좌\
-최저 100만원 이상","1","실명의 개인","인터넷,스마트폰","* 최대우대금리:1.05%\
1. 첫거래우대 : 1.0% (신규시) \
  - 최근 1년간 수협은행 예적금 활동계좌 미보유 고객포함\
2. 마케팅전체동의 : 0.05%(신규시) \
3. 스마트폰뱅킹의 상품알리기 : 0.80%(만기시)\
※단위:연%p","20241120"
"38","정기 예금","10-01-20-388-0002","주식회사 카카오뱅크","카카오뱅크 정기예금","1. 가입방법 : 스마트폰\
2. 가입금액 : 100만원 이상(원단위)\
3. 가입기간 : 1개월 이상 ~ 36개월 이하(월, 일단위 지정 가능)","1","만 17세 이상의 실명의 개인","스마트폰","※복잡한 우대조건 없이 가입가능한 정기예금","20241120"
"39","정기 예금","1001202000002","토스뱅크 주식회사","토스뱅크 먼저 이자 받는 정기예금","· 계약기간 : 3개월, 6개월 \
· 가입금액 : 최소 1백만원 최대 10억원","1","토스뱅크 통장 또는 토스뱅크 서브 통장을 보유한 만 17세 이상 실명의 개인","스마트폰","우대조건 없음","20241120"
"40","정기 예금","HK00001","애큐온저축은행","정기예금","가입금액 1백만원이상","1","제한없음","영업점,인터넷,스마트폰,전화(텔레뱅킹)","없음","20241122"
"41","정기 예금","HK00006","애큐온저축은행","플러스회전식정기예금(변동금리)","가입금액: 1백만원 이상\
1년단위 변동금리 상품 : 가입기간 36개월(가입후 매1년 회전주기 단위로 약정이율 변동)\
약정이율 : 회전시점 정기예금 12개월금리+0.1% \
중도해지이율 : 완료된 회전주기기간은 중도해지시에도 기간별 약정금리제공\
(미완료된 회전주기기간은 당행 중도해지이자율 적용)","1","제한없음","영업점,스마트폰","없음","20241122"
"42","정기 예금","HK00007","애큐온저축은행","애큐온모바일예금","가입금액 1백만원이상\
1인1계좌\
모바일전용가입상품","1","제한없음","스마트폰","모바일 가입 : 연 0.10%\
(고시금리 포함)\
\
멤버십 동의 : 연 0.050%\
(고시금리 미포함)","20240416"
"43","정기 예금","HK00009","애큐온저축은행","플러스회전식정기예금(변동금리,모바일)","가입금액: 1백만원 이상\
1년단위 변동금리 상품 : 가입기간 36개월(가입후 매1년 회전주기 단위로 약정이율 변동)\
약정이율 : 회전시점 정기예금 12개월금리+0.1% \
중도해지이율 : 완료된 회전주기기간은 중도해지시에도 기간별 약정금리제공\
(미완료된 회전주기기간은 당행 중도해지이자율 적용)","1","제한없음","스마트폰","없음","20241122"
"44","정기 예금","HK00010","애큐온저축은행","3-UP정기예금","가입금액 1백만원이상\
가입기간 12개월(가입후 매3개월 단위로 구간별 약정이율 변동)\
약정이율 : 3.55%(평균금리)\
(1구간 2.10%, 2구간 3.10%, 3구간 4.30%, 4구간 4.70%) \
중도해지이율 : 경과한 구간은 구간별 약정금리 + 잔여경과일수의 보통예금금리 제공\
(3개월미만은 보통예금금리 이자율 적용)","1","제한없음","영업점,인터넷,스마트폰","없음","20241122"
"45","정기 예금","HK00011","애큐온저축은행","3-UP정기예금(모바일)","가입금액 1백만원이상\
가입기간 12개월(가입후 매3개월 단위로 구간별 약정이율 변동)\
약정이율 : 3.55%(평균금리)\
(1구간 2.10%, 2구간 3.10%, 3구간 4.30%, 4구간 4.70%) \
중도해지이율 : 경과한 구간은 구간별 약정금리 + 잔여경과일수의 보통예금금리 제공\
(3개월미만은 보통예금금리 이자율 적용)","1","제한없음","스마트폰","없음","20241122"
"46","정기 예금","HK00012","애큐온저축은행","처음만난예금(모바일전용)","가입금액 1십만원 이상 1천만원 이하\
1인1상품\
모바일전용가입상품","3","당행 정기예금 가입 이력이 없는 개인","스마트폰","최고우대금리 : 0.4%\
- 당행 정기예금 첫거래 고객 우대 : 0.3%\
(고시금리 포함)\
- 개인(신용)정보 마케팅(SMS)동의 유지 : 0.1%\
(고시금리 미포함)","20241122"
"47","정기 예금","HK00013","애큐온저축은행","다시만난예금(모바일전용)","가입금액 : 1십만원 이상 3천만원 이하\
가입기간 : 7개월 ~24개월\
1인1계좌\
모바일전용가입상품","1","제한없음","스마트폰","최고우대금리 : 0.35%\
- 다시 거래하는 고객 우대(6개월 이상 정기예금 미보유 : 0.25%\
(고시금리 미포함)\
- 다시 거래하는 고객 우대(12개월 이상 정기예금 미보유 : 0.35%\
(고시금리 미포함)","20241122"
"48","정기 예금","24000","오에스비저축은행","정기예금","-가입금액 : 10만원 이상\
-시장금리에 변동없는 최초 약정금리로 이자 수령","1","제한없음","영업점","없음","20241115"
"49","정기 예금","24002","오에스비저축은행","인터넷정기예금","-가입금액 : 10만원 이상\
-시장금리에 변동없는 최초 약정금리로 이자 수령","1","제한없음","인터넷,스마트폰","없음","20241115"
"50","정기 예금","24036","오에스비저축은행","OSB회전식정기예금","-가입금액 : 100만원 이상\
-금리 \
1) 가입시점 : 가입일에 고시된 12개월 정기예금 고시이율\
2) 회전기간 도래시점 : 매 회전기간 시작일에 고시된 12개월 정기예금 고시이율\
(회전도래일이 휴일 경우 다음 회전주기의 이자율은 휴일 전영업일의 금리 적용)","1","제한없음","영업점","없음","20241115"
"51","정기 예금","24037","오에스비저축은행","인터넷OSB회전식정기예금","-가입금액 : 100만원 이상\
-금리 \
1) 가입시점 : 가입일에 고시된 12개월 정기예금 고시이율\
2) 회전기간 도래시점 : 매 회전기간 시작일에 고시된 12개월 정기예금 고시이율\
(회전도래일이 휴일 경우 다음 회전주기의 이자율은 휴일 전영업일의 금리 적용)","1","제한없음","인터넷,스마트폰","없음","20241115"
"52","정기 예금","240000","디비저축은행","정기예금(창구)","최소가입금액: 10만원 이상 / 가입채널: 대면(창구)","1","실명의 개인, 법인","영업점","해당사항없음","20241113"
"53","정기 예금","240007","디비저축은행","E-정기예금(인터넷)","최소가입금액: 10만원 이상 / 가입채널: 인터넷뱅킹","1","실명의 개인, 법인","인터넷","해당사항없음","20241113"
"54","정기 예금","240800","디비저축은행","DreamBig 정기예금(12개월회전/창구)","최소가입금액: 10만원 이상 / 가입채널: 대면(창구)","1","실명의 개인, 법인","영업점","해당사항없음","20241113"
"55","정기 예금","240801","디비저축은행","DreamBig E-정기예금(12개월회전/인터넷)","최소가입금액: 10만원 이상 / 가입채널: 인터넷뱅킹","1","실명의 개인, 법인","인터넷","해당사항없음","20241113"
"56","정기 예금","240802","디비저축은행","M-DreamBig 정기예금(12개월회전/모바일)","최소가입금액: 10만원 이상 / 가입채널: 스마트뱅킹, SB톡톡+","1","실명의 개인","스마트폰","해당사항없음","20241113"
"57","정기 예금","240806","디비저축은행","M-정기예금(모바일)","최소가입금액: 10만원 이상 / 가입채널: 스마트뱅킹, SB톡톡+","1","실명의 개인","스마트폰","해당사항없음","20241113"
"58","정기 예금","240860","디비저축은행","DreamBig 정기예금(6M)(6개월회전/창구)","최소가입금액: 10만원 이상 / 가입채널: 대면(창구)","1","실명의 개인, 법인","영업점","회전주기(매 금리변경일)경과후 해지시 ①신규일부터 회전일까지는 약정이율 적용②회전주기일부터 중도해지 전일까지는 중도해지이율 적용","20241113"
"59","정기 예금","240862","디비저축은행","M-DreamBig 정기예금(6M)(6개월회전/모바일)","최소가입금액: 10만원 이상 / 가입채널: 스마트뱅킹, SB톡톡+","1","실명의 개인","스마트폰","회전주기(매 금리변경일)경과후 해지시 ①신규일부터 회전일까지는 약정이율 적용②회전주기일부터 중도해지 전일까지는 중도해지이율 적용","20241113"
"60","정기 예금","240023","스카이저축은행","정기예금","최소금액:10만원이상","1","제한없음","영업점","없음","20241120"
"61","정기 예금","240025","스카이저축은행","e-정기예금","최소금액:10만원이상","1","제한없음","인터넷,스마트폰","없음","20241120"
"62","정기 예금","240029","스카이저축은행","b-정기예금","최소금액:10만원이상","1","제한없음","인터넷,스마트폰","없음","20241120"
"63","정기 예금","240031","스카이저축은행","회전정기예금","* 최소금액:10만원이상\
*계약기간 : 36개월 (회전주기 12개월) \
* 회전주기(매 1년)마다 약정이율 변동","1","제한없음","영업점","없음","20241120"
"64","정기 예금","240033","스카이저축은행","비대면회전정기예금","* 최소금액:10만원이상\
*계약기간 : 36개월 (회전주기 12개월) \
* 회전주기(매 1년)마다 약정이율 변동","1","제한없음","인터넷,스마트폰","없음","20241120"
"65","정기 예금","240035","스카이저축은행","회전(6M)정기예금","* 최소금액:10만원이상\
*계약기간 : 36개월 (회전주기 6개월) \
* 회전주기(6개월)마다 약정이율 변동","1","제한없음","영업점","없음","20240806"
"66","정기 예금","240037","스카이저축은행","비대면회전(6M)정기예금","* 최소금액:10만원이상\
*계약기간 : 36개월 (회전주기 6개월) \
* 회전주기(6개월)마다 약정이율 변동","1","제한없음","인터넷,스마트폰","없음","20240806"
"67","정기 예금","MK240001","민국저축은행","정기예금","- 중도해지 시 가입 기간에 따라 중도해지이율이 다르게 적용됩니다.","1","제한없음","영업점","* 최대우대금리 : 0.1%\
- 창구에서 1년이상 재예치 하는 경우 + 0.1%p","20241107"
"68","정기 예금","MK240002","민국저축은행","e-행복정기예금 (인터넷)","- 중도해지 시 가입 기간에 따라 중도해지이율이 다르게 적용됩니다.","1","개인","인터넷","- 없음","20241107"
"69","정기 예금","MK240018","민국저축은행","비대면정기예금 (비대면)","- 중도해지 시 가입 기간에 따라 중도해지이율이 다르게 적용됩니다.\
- 가입가능시간(09:00~16:00)","1","개인","스마트폰","- 없음","20241107"
"70","정기 예금","MK240020","민국저축은행","톡톡정기예금 (모바일)","- 중도해지 시 가입 기간에 따라 중도해지이율이 다르게 적용됩니다.","1","개인","스마트폰","- 없음","20241107"
"71","정기 예금","1001","푸른상호저축은행","푸른 정기예금","* 중도해지금리\
1개월 미만 : 0.20%,\
3개월 미만 : 1.45%,\
6개월 미만 : 1.95%, \
12개월 미만 : 1.96%,\
12개월 이상\
- 연단위 기간 : 해당 기간별 가입시점 고시금리 적용\
- 연단위 기간 초과분 : 초과기간에 해당하는 가입시점의 중도해지금리 적용 \
\
* 우수고객 중도해지금리 : 실예치기간 기본금리 적용","1","제한없음","영업점,인터넷,스마트폰","예금 가입일 기준 예금거래기간 3년 이상, 직전 2년 평잔 10억원 이상인 고객(단, 대출관련 예금 등 제외) : 0.1%p","20241101"
"72","정기 예금","240004","HB저축은행","정기예금","영업점 가입 전용상품","1","제한없음","영업점","해당사항없음","20241120"
"73","정기 예금","240018","HB저축은행","e-정기예금","인터넷가입 전용상품","1","제한없음","인터넷","해당사항없음","20241120"
"74","정기 예금","240021","HB저축은행","스마트정기예금","스마트폰가입 전용상품","1","제한없음","스마트폰","해당사항없음","20241120"
"75","정기 예금","240027","HB저축은행","스마트회전정기예금","스마트폰가입 전용상품 / 계약기간 : 36개월 (회전주기 12개월)","1","제한없음","스마트폰","해당사항없음","20241120"
"76","정기 예금","240032","HB저축은행","6개월 회전정기예금","영업점 가입 전용상품 / 계약기간 : 36개월 (회전주기 6개월)","1","제한없음","영업점","해당사항없음","20241120"
"77","정기 예금","240039","키움예스저축은행","e-회전yes정기예금(1년단위 변동금리상품) (인터넷뱅킹, 스마트뱅킹)","*가입기간 36개월(회전주기 매1년)","1","제한없음","인터넷,스마트폰","*회전시점의 정기예금 12개월 금리 + 우대금리 0.1% 적용, 매1년 회전주기 단위로 약정이율이 변동\
*중도해지시 회전주기 충족분에는 약정이율, 잔여기간에는 중도해지이율 적용","20241114"
"78","정기 예금","240041","키움예스저축은행","SB톡톡 회전yes정기예금(1년단위 변동금리상품) (비대면)","*가입기간 36개월(회전주기 매1년)","1","제한없음","스마트폰","*회전시점의 정기예금 12개월 금리 + 우대금리 0.1% 적용, 매1년 회전주기 단위로 약정이율이 변동\
*중도해지시 회전주기 충족분에는 약정이율, 잔여기간에는 중도해지이율 적용","20241114"
"79","정기 예금","240042","더케이저축은행","정기예금","없음","1","제한없음","영업점","없음","20241114"
"80","정기 예금","240045","더케이저축은행","e-정기예금","-인터넷뱅킹, 스마트폰뱅킹 전용","1","제한없음","인터넷,스마트폰","없음","20241114"
"81","정기 예금","240074","더케이저축은행","회전식정기예금(1년단위 변동금리상품)","변동금리","1","제한없음","영업점","없음","20241114"
"82","정기 예금","240076","더케이저축은행","e-회전식정기예금(1년단위 변동금리상품)","변동금리","1","제한없음","인터넷,스마트폰","없음","20241114"
"83","정기 예금","024240001","조은저축은행","정기예금(서울본점)","없음","1","제한없음","영업점","없음","20241115"
"84","정기 예금","024241001","조은저축은행","정기예금(여수지점)","없음","1","제한없음","영업점","없음","20241115"
"85","정기 예금","024242001","조은저축은행","e-정기예금","인터넷, 스마트폰 전용","1","제한없음","인터넷,스마트폰","없음","20241115"
"86","정기 예금","250033","에스비아이저축은행","정기예금","없음","1","제한없음","영업점,인터넷,스마트폰","- 비대면(인터넷뱅킹 또는 사이다뱅크APP)우대금리 : 연0.1%","20241028"
"87","정기 예금","250035","에스비아이저축은행","회전정기예금","-1년 마다 고시이율이 적용되는 변동금리 상품","1","제한없음","영업점,인터넷,스마트폰","- 비대면(인터넷뱅킹 또는 사이다뱅크APP)우대금리 : 연0.1%\
\
- 회전주기우대금리 : 연0.1%","20241028"
"88","정기 예금","240001","바로저축은행","정기예금","1. 최소가입금액: 10만원이상\
2. 정기예금 12개월 초과 3.00% (정기예금 12개월만 3.62% 적용)","1","제한없음","영업점","없음","20241122"
"89","정기 예금","240002","바로저축은행","스마트정기예금(인터넷)","1. 최소가입금액: 10만원이상\
2. 정기예금 12개월 초과 3.00% (정기예금 12개월만 3.62% 적용)","1","제한없음","인터넷","없음","20241122"
"90","정기 예금","240010","바로저축은행","SB톡톡 정기예금(비대면)","1. 최소가입금액: 10만원이상\
2. 정기예금 12개월 초과 3.00% (정기예금 12개월만 3.62% 적용)","1","제한없음","스마트폰","없음","20241122"
"91","정기 예금","240044","다올저축은행","Fi 정기예금 (대면)","* 중도해지이율 (경과기간별 차등 적용)\
- 1개월미만 : 가입일의 보통예금 금리, 6개월미만 : 약정이율X50%, 9개월미만 : 약정이율X55%, \
12개월미만 : 약정이율X60%, 12개월이상 : 약정이율X70%","1","제한없음","인터넷,스마트폰","없음","20241120"
"92","정기 예금","240046","다올저축은행","Fi 정기예금 (비대면)","* 중도해지이율 (경과기간별 차등 적용)\
- 1개월미만 : 가입일의 보통예금 금리, 6개월미만 : 약정이율X50%, 9개월미만 : 약정이율X55%, \
12개월미만 : 약정이율X60%, 12개월이상 : 약정이율X70%","1","제한없음","인터넷,스마트폰","없음","20241120"
"93","정기 예금","240050","다올저축은행","Fi 리볼빙 정기예금 (대면)","* 변동금리 상품 :가입기간36개월(가입 후 매1년 회전주기 단위로 약정이율 변동) /약정이율 : 회전시점의 Fi정기예금(비대면) 12개월 금리+0.05% / 중도해지이율 : 1개월미만 : 신규일(또는 최종회전일)의 보통예금 금리, 6개월미만 : 약정이율X50%, 9개월미만 : 약정이율X55%, 12개월미만 : 약정이율X60%","1","제한없음","영업점","없음","20241120"
"94","정기 예금","240052","다올저축은행","Fi 리볼빙 정기예금 (비대면)","* 변동금리 상품 :가입기간은 36개월(가입 후 매1년 회전주기 단위로 약정이율 변동) /약정이율 : 회전시점의 Fi정기예금(비대면) 12개월 금리+0.05% /중도해지이율 : 1개월미만 : 신규일(또는 최종회전일)의 보통예금 금리, 6개월미만 : 약정이율X50%, 9개월미만 : 약정이율X55%, 12개월미만 : 약정이율X60%","1","제한없음","인터넷,스마트폰","없음","20241120"
"95","정기 예금","240061","다올저축은행","Fi 자유해지 정기예금(변동) (대면)","* 변동금리상품: 가입기간은 36개월(가입후 매 3개월 단위로 약정이율 변동) / 약정이율 : 회전시점의 동일채널별 'Fi저축예금' 금리+0.30% / 중도해지이율 : 중도해지 시점 해당계좌의 약정금리와 동일","1","제한없음","영업점","없음","20240112"
"96","정기 예금","240062","다올저축은행","Fi 자유해지 정기예금(변동) (비대면)","* 변동금리상품: 가입기간은 36개월(가입후 매 3개월 단위로 약정이율 변동) / 약정이율 : 회전시점의 동일채널별 'Fi저축예금' 금리+0.30% / 중도해지이율 : 중도해지 시점 해당계좌의 약정금리와 동일","1","제한없음","인터넷,스마트폰","없음","20240112"
"97","정기 예금","240065","다올저축은행","Fi 하이브리드 정기예금 (대면)","* 하루만 맡겨도 기본금리 적용, 만기시에는 추가금리가 더해지는 12개월 정기예금\
*중도해지이율 : 기본금리\
*만기해지이율 : 기본금리+추가금리","1","제한없음","영업점","해당없음","20240930"
"98","정기 예금","240066","다올저축은행","Fi 하이브리드 정기예금 (비대면)","* 하루만 맡겨도 기본금리 적용, 만기시에는 추가금리가 더해지는 12개월 정기예금\
*중도해지이율 : 기본금리\
*만기해지이율 : 기본금리+추가금리","1","제한없음","인터넷,스마트폰","해당없음","20240930"
"99","정기 예금","240069","다올저축은행","Fi 리볼빙 정기예금(6M)(대면)","* 변동금리 상품 : 가입기간 36개월 (가입 후 매 6개월 회전주기 단위로 약정이율 변동)\
* 중도해지이율 : 1개월미만 - 신규일의 보통예금 금리, 6개월미만 : 약정이율X50%,","1","제한없음","영업점","없음","20241118"
"100","정기 예금","240071","다올저축은행","Fi 리볼빙 정기예금(6M)(비대면)","* 변동금리 상품 : 가입기간 36개월 (가입 후 매 6개월 회전주기 단위로 약정이율 변동)\
* 중도해지이율 : 1개월미만 - 신규일의 보통예금 금리, 6개월미만 : 약정이율X50%,","1","제한없음","인터넷,스마트폰","없음","20241118"
"101","정기 예금","24","유안타저축은행","정기예금","없음","1","제한없음","영업점","없음","20241114"
"102","정기 예금","24-1","유안타저축은행","e-정기예금","없음","1","제한없음","인터넷,스마트폰","없음","20241114"
"103","정기 예금","24-2","유안타저축은행","회전정기예금 (변동금리)","없음","1","제한없음","영업점","없음","20241114"
"104","정기 예금","24-3","유안타저축은행","SB톡톡 정기예금 (비대면)","없음","1","제한없음","스마트폰","없음","20241114"
"105","정기 예금","24-4","유안타저축은행","e-회전정기예금 (변동금리)","없음","1","제한없음","인터넷,스마트폰","없음","20241114"
"106","정기 예금","24-5","유안타저축은행","SB톡톡 회전정기예금 (비대면)","없음","1","제한없음","스마트폰","없음","20241114"
"107","정기 예금","240036","고려저축은행","정기예금","-","1","비거주 외국인 외 제한없음","영업점","-","20241114"
"108","정기 예금","240043","고려저축은행","회전정기예금(비대면)","-","1","비거주 외국인 외 제한없음","인터넷,스마트폰","-","20241114"
"109","정기 예금","240058","고려저축은행","GPS 정기예금(비대면)","-","1","-비거주 외국인 외 제한없음 - 비대면 전용","인터넷,스마트폰","-","20241114"
"110","정기 예금","240060","고려저축은행","GPS 회전정기예금(비대면)","-","1","-비거주 외국인 외 제한없음 - 비대면 전용","인터넷,스마트폰","-","20241114"
"111","정기 예금","KJ0001A","국제저축은행","꿈 찾아 정기예금","만기후 1개월까지는 계약당시 금리와 만기시점 해당금리를 비교하여 낮은 금리 적용\
만기후 1개월 초과 이후로는 보통예금 금리 적용","1","제한없음","영업점","없음","20240906"
"112","정기 예금","KJ0004A","국제저축은행","꿈 찾아 정기예금(비대면)","만기후 1개월까지는 계약당시 금리와 만기시점 해당금리를 비교하여 낮은 금리 적용\
만기후 1개월 초과 이후로는 보통예금 금리 적용","1","만 19세 이상의 개인","스마트폰","없음","20240906"
"113","정기 예금","DH001","디에이치저축은행","정기예금","없음","1","제한없음","영업점","없음","20241111"
"114","정기 예금","DH002","디에이치저축은행","정기예금(비대면)","없음","1","제한없음","인터넷,스마트폰","없음","20241111"
"115","정기 예금","240005","흥국저축은행","E-정기예금","없음","1","제한없음","인터넷","없음","20241025"
"116","정기 예금","240006","우리저축은행","정기예금(비대면)","없음","1","제한없음(단,미성년자,비거주외국인제외)","인터넷,스마트폰","없음","20240923"
"117","정기 예금","240013","인성저축은행","정기예금","-없음","1","-제한없음","영업점","없음","20241122"
"118","정기 예금","240015","인성저축은행","e-정기예금","-통장을 발급하지 않는 온라인 전용상품으로 영업점 해지시 우대금리 적용불가","1","-만19세이상의 개인","인터넷,스마트폰","없음","20241122"
"119","정기 예금","240017","인성저축은행","회전정기예금","- 상품최초 가입일자부터 1년이 경과하여 해지하는 경우에는 금번 금리변경＊전 일자까지는 약정이율이 적용되고, 금번 금리변경일 이후 1년 경과 전 중도해지 시 위 기간별 중도해지이율이 적용됩니다.\
* 본건 회전식정기예금 금리는 최초가입 일부터 1년 단위로 변경 적용되며, 적용되는 약정이율은 \
금리변경일의 당행 회전식 정기예금 금리가 적용됩니다.","1","-제한없음","영업점","없음","20241122"
"120","정기 예금","240019","인성저축은행","e-회전정기예금","- 상품최초 가입일자부터 1년이 경과하여 해지하는 경우에는 금번 금리변경＊전 일자까지는 약정이율이 적용되고, 금번 금리변경일 이후 1년 경과 전 중도해지 시 위 기간별 중도해지이율이 적용됩니다.\
* 본건 회전식정기예금 금리는 최초가입 일부터 1년 단위로 변경 적용되며, 적용되는 약정이율은 \
금리변경일의 당행 e-회전식 정기예금 금리가 적용됩니다.","1","-만19세이상의 개인","인터넷,스마트폰","없음","20241122"
"121","정기 예금","KH2400","금화저축은행","정기예금","중도해지이율 - ① 1개월 미만 : 보통예금이율 (0.2%)\
② 1개월이상~6개월미만 : 약정이율X50%\
③ 6개월이상~12개월미만 : 약정이율X55%\
④ 12개월이상~24개월미만 : 약정이율X60%\
⑤ 24개월이상~36개월미만 : 약정이율X70%","1","제한없음","영업점","창구전용상품","20241112"
"122","정기 예금","KH2401","금화저축은행","e-정기예금","중도해지이율 - ① 1개월 미만 : 보통예금이율 (0.2%)\
② 1개월이상~6개월미만 : 약정이율X50%\
③ 6개월이상~12개월미만 : 약정이율X55%\
④ 12개월이상~24개월미만 : 약정이율X60%\
⑤ 24개월이상~36개월미만 : 약정이율X70%","1","인터넷 및 모바일뱅킹 사용자","인터넷,스마트폰","-","20241112"
"123","정기 예금","KH2402","금화저축은행","비대면-정기예금","중도해지이율 - ① 1개월 미만 : 보통예금이율 (0.2%)\
② 1개월이상~6개월미만 : 약정이율X50%\
③ 6개월이상~12개월미만 : 약정이율X55%\
④ 12개월이상~24개월미만 : 약정이율X60%\
⑤ 24개월이상~36개월미만 : 약정이율X70%","1","비대면 어플사용자","스마트폰","-","20241112"
"124","적금","WR0001F","우리은행","우리SUPER주거래적금","1. 가입기간 : 1년/2년/3년\
2. 가입금액 : 월 50만원 이내","1","실명의 개인","영업점,인터넷,스마트폰,전화(텔레뱅킹)","1. 거래실적 인정기간 동안 우리은행 입출식 계좌에서 아래 각 항목별 실적이 있는 월 수가 계약기간의 1/2이상인 경우\
2. 우리은행 상품서비스 마케팅 동의 항목 중 전화(휴대폰) 및 SMS항목을 모두 동의한 후 만기해지시점까지 유지:연 0.1%p\
3. 이 상품 가입 시 금리우대쿠폰을 적용한 경우","20241120"
"125","적금","WR0001L","우리은행","WON적금","1. 가입기간 : 1년\
2. 가입금액 : 월 50만원 이내","1","실명의 개인","스마트폰,전화(텔레뱅킹)","1. 아래 각 항(가, 나)의 조건을 충족하는 경우 합산 최대 연 0.2%p 우대\
가. 이 적금을 우리꿈통장, WON통장에 연결하여 가입하는 경우 : 0.1%p\
나. 우리 오픈뱅킹 서비스에 타행계좌가 등록되어 있는 경우 : 연 0.1%p","20241120"
"126","적금","00266451","한국스탠다드차타드은행","퍼스트가계적금","해당없음","1","개인(개인사업자 포함)","영업점,인터넷,스마트폰","없음","20241120"
"127","적금","10521001000846001","아이엠뱅크","내손안에 적금","1계좌당 가입한도 : 월 100만원(최저 10만원 이상)","1","실명의 개인","스마트폰","* 최고우대금리 : 연0.55%p\
 - 당행 인터넷/모바일뱅킹을 통하여 최초로 적립식예금 가입 시 : 연0.20%p\
 - 상품 가입 전 최근 3개월 이내 당행 인터넷/모바일뱅킹을 통한 이체거래 3회 이상 : 연0.10%p\
- 상품 가입 전 수수료우대 통장 보유 고객 : 연0.20%p\
* 해당 상품을 모바일뱅킹을 통해 가입 : 연0.05%p","20241120"
"128","적금","10527001000925000","아이엠뱅크","영플러스적금","1계좌당 가입한도 : 월 50만원(최저 1만원 이상)","3","만 29세 이하 실명의 개인","영업점,인터넷,스마트폰","* 최고우대금리 : 연0.55%p\
- 상품 가입 전 영플러스통장 보유 또는 재예치일 기준 영플러스통장 전월 평잔 10만원 이상 : 연0.10%p\
- 예금기간 중 입금횟수 10회 이상 : 연0.10%p\
- 입학 및 졸업 축하금리 : 연0.30%p\
* 해당 상품을 인터넷/모바일뱅킹을 통해 가입 : 연0.05%p","20241120"
"129","적금","10527001001272000","아이엠뱅크","내가만든 보너스적금","1계좌당 가입한도 : 월20만원\
(최저 1만원 이상)","1","실명의 개인","영업점,인터넷,스마트폰","* 최고우대금리: 연0.80%p\
- 인터넷/모바일뱅킹으로 신규: 연0.20%p\
- 상품 가입 전 마케팅활용[개인(신용)정보수집이용동의] 전체 동의: 연0.20%p\
(계약기간 1년인 경우 만기일 기준)\
- 당행 계좌로 자동이체 8회 이상 입금: 연0.20%p\
- 원금합계 100만원 이상: 연0.10%p 또는 원금합계 200만원 이상: 연0.20%p","20241120"
"130","적금","10527001001278000","아이엠뱅크","iM스마트적금","1계좌당 가입한도 : 월 100만원(최저 5만원 이상)","1","실명의 개인","인터넷,스마트폰","* 최고우대금리 : 연0.45%p\
- 가입일로부터 3개월 이내 1가지 이상 요건 충족시 : 연0.20%p\
① 당행 주택청약종합저축 보유\
② 당행 신용(체크)카드 결제실적 보유(결제금액 출금기준)\
- 전체 계약월수 중 1/2이상 당행 계좌에서 자동이체 납입 시 : 연0.20%p\
* 해당 상품을 인터넷/모바일뱅킹을 통해 가입 : 연0.05%p","20241120"
"131","적금","01020400490002","부산은행","펫 적금","1. 가입한도: 월 1만원 이상 50만원 이하 원단위\
2. 정기적립식","1","실명의 개인고객(1인 1계좌)","영업점,스마트폰","*우대이율 6개월제 최대 0.55%, 12개월제 최대 0.90%","20241120"
"132","적금","01020400510001","부산은행","저탄소 실천\
적금","1. 가입한도: 월 1만원 이상 1천만원 이하 원단위 (월 1천만원 이하 불입 가능)\
2. 자유적립식","1","제한없음","영업점,인터넷,스마트폰","조건 달성여부에 따라 우대금리 적용\
*개인형 우대이율: 최대0.4%\
*기업형(개인사업자 및 법인)우대이율: 최대0.4%","20241120"
"133","적금","01020400530001","부산은행","BNK내맘대로 \
적금","1. 가입금액 :\
   1천원 이상\
2. 가입기간 : \
6개월 이상 60개월 이하(일단위)","1","제한없음","영업점,인터넷,스마트폰","*우대이율 최대 0.2%\
- 신규시 우대이율 0.05% 및 해지시 우대이율 최대 0.15%","20241120"
"134","적금","01020400660001","부산은행","부산이라 좋다\
Big적금","1. 가입한도: 월 1천원 이상 100만원 이하 원단위\
2. 자유적립식","1","실명의 개인고객(1인 1계좌)","스마트폰","*우대이율 6개월 미만 최대2.00%, 6개월 이상 2.20%","20241120"
"135","적금","1020400640001","부산은행","BNK아기천사적금","1. 가입한도: 월 1만원 이상 30만원 이하 원단위\
2.자유적립식","1","실명의 개인고객(1인 1계좌)","스마트폰","*우대이율 최대 6.00%","20241120"
"136","적금","TD11330029000","광주은행","해피라이프_여행스케치적금V","1. 가입기간 : 6개월이상 3년제\
2. 가입금액 : 월5만원 이상 5백만원 이하 (1인1계좌)","1","제한없음(단,국가및지방자치단체제외)","영업점,스마트폰","▶ 최고우대금리 1.20%p  \
①해피라이프_여행스케치외화적금V 동일자가입 0.5%p \
②해지원금 기준 500만원이상 : 최고0.2%p\
③신용(체크)카드사용실적300만원이상:최고 0.3%p\
④개인(신용)정보 동의: 0.2%p","20241120"
"137","적금","TD11330030000","광주은행","여행스케치_남도투어적금","1. 가입기간 :12개월제,18개월제\
2. 가입금액 : 월 5만원 이상 1백만원 이하 (1인1계좌)\
※ 18개월 정액식 기본금리 3.3%, 최고금리 5.2%","1","만14세이상 개인 및 개인사업자","영업점,스마트폰","▶ 최고우대금리 1.9%p \
①예금가입일~만기일전일까지 당행이선정한 전라남도 관광지 방문 인증시 : 최고 1.5%p\
②신용(체크)카드사용실적300만원이상:최고 0.3%p\
③개인(신용)정보 동의: 0.1%p","20241120"
"138","적금","TD11330031000","광주은행","VIP플러스적금","1. 가입기간 : 1년제\
2. 가입금액 : 월10만원 이상 5백만원 이하 (1인1계좌)","1","실명의 개인","영업점,인터넷,스마트폰","▶ 최고우대금리 0.50%p  \
①이 예금가입시 VIP고객이거나 가입일 이후부터 만기일전일까지 VIP고객에 선정된 경험이 있는 경우 : 0.3%p \
②이 예금 가입일에 정기예금 500만원이상(만기 1년이상) 가입하고 만기일 전일까지 유지한 경우 : 0.2%p","20241120"
"139","적금","220002101","제주은행","jbank 저금통적금","월 납입한도 50만원 이하","1","개인 및 개인사업자","인터넷,스마트폰","* 거래조건에 따라 최고 2.1%p 우대금리 적용\
① 자투리 출금계좌 평잔 50만원 이상 유지 : 0.8%p\
② 첫거래고객 or JBANK저금통적금 1개월 내 재신규 : 0.5%p\
③ 신규가입 시점에서 적금 목표금액 최소 30만원 이상 설정하고, 적금 신규일로부터 3개월 내 잔액이 목표금액 이상인 경우 :0.5%p\
④ 추천인 우대금리 : 0.30%p","20241120"
"140","적금","220002501","제주은행","MZ 플랜적금","월 납입한도 30만원 이하","1","개인 및 개인사업자","영업점,인터넷,스마트폰","①매월 1회이상 지속적 납입시:1년제: 0.50%\
② 목표 금액 달성:0.50%\
③ 신용카드,체크카드 합산 사용액 월10만원 이상 사용: 0.50%\
* 청년이니까응원합니다 이벤트 : 0.50%","20241120"
"141","적금","220002701","제주은행","탐이나요적금","월 납입한도 100만원 이하","1","개인 및 개인사업자","인터넷,스마트폰","우대요건 충족시 최고 2.7%p 추가 우대(만기시 제공)매월 JBANK로그인 시 0.2%,한 가지라도 수행시 2.5% 제공①추천인 코드로 3명 이상 가입시 ②탐나는전 체크카드 월30만원 이상 사용 유지 ③탐나는전 선불카드 충전계좌를 당행 입출금계좌로 등록 후 평잔 50만원 이상 유지 시","20241120"
"142","적금","10-01-30-031-0018-0000","전북은행","JB 다이렉트적금(자유적립식)","1. 초회불입금 1만원이상, 1인당 월별 최고 1천만원이내\
2. 만기직전 1개월간 적립합계는 이전기간 적립금액을 초과할 수 없음\
3. 인터넷뱅킹/스마트폰뱅킹 가입상품","1","실명의 개인 및 개인사업자(임의단체 제외)","인터넷,스마트폰","추가우대금리 :\
당행 계좌간 자동이체를 통해 이 예금으로 자동이체 된 금액에 0.1% 금리 우대","20241120"
"143","적금","10-01-30-031-0036","전북은행","JB 다이렉트적금(정액적립식)","1. 초회불입금 1만원이상, 1인당 월별 최고 5백만원이내\
2. 인터넷뱅킹/스마트폰뱅킹 가입상품","1","실명의 개인 및 개인사업자(임의단체 제외)","인터넷,스마트폰","추가우대금리 :\
당행 계좌간 자동이체를 통해 6회이상 입금한 경우 \
연 0.1% 금리우대","20241120"
"144","적금","10-01-30-031-0049-0000","전북은행","3초 플레이 적금","계약기간 6개월\
월별 적립한도 5만원 이상 최고 50만원 이하 (1인 1계좌)","1","실명의 개인 및 개인사업자(1인 1계좌)","스마트폰","1. 만기 전전월까지 게임 50회 참여시 0.9%\
2. 3초 플레이 적금 게임에 참여하여 획득한 점수 총 합에 따라 추가 우대금리 (연0.5% ~ 연3.0%)\
3. 가입기간 내 오픈뱅킹을 통해 계좌 추가 등록/유지시 우대 0.1%\
\
※거래실적 인정기준 세부내용은 홈페이지 참조","20241021"
"145","적금","21000111","경남은행","행복 DREAM 적금","1. 계약기간은 1년 이상 3년 이하 월단위로 한다.\
2. 적립금액은 5만원 이상, 최고금액은 제한없음","1","실명의 개인 및 개인사업자","영업점,인터넷,스마트폰","①신규일로부터 6개월전까지 당행 적금 미보유 0.2%\
②월부금이 50만원 이상인 경우 0.20%\
③이 예금을 자동이체로 납입하는 경우 0.2%\
④신용(체크)카드 최초발급 후 10만원 이내 이용 0.2%\
⑤ 전자명함을 통한 신규 시 0.2%","20241120"
"146","적금","21001116","경남은행","BNK더조은자유적금","1. 계약기간은 6개월 이상 2년 이내 월단위로 한다.\
2. 초입금 1만원 이상 월별 500만원 이내에서 자유롭게 저축\
3. 최대 저축횟수는 999회 이내","1","거래대상자는 제한을 두지 아니한다. 다만, 국가 및 지방자치단체는 이 예금을 거래할 수 없다.","인터넷,스마트폰","①오픈뱅킹서비스 가입 0.20%(만기까지 유지)\
②당행 입출금통장에서 자동이체시 입금건별 0.20%\
③이 상품 신규시 금리우대쿠폰을 등록할 경우 0.30%","20241120"
"147","적금","21001199","경남은행","BNK 위더스자유적금","1.계약기간은 1개월 이상 36개월 이하 월단위로 한다.\
2..1인 1계좌로 가입가능\
2.매월 최소 1만원 이상, 최고 월 100만원 이하 (천원 단위)","1","실명의 개인 및 개인사업자","영업점,인터넷,스마트폰,기타","①ESG 실천 우대금리 0.50%\
②신규고객 우대금리 0.50%\
- 당행 1년 이내예적금(청약포함)신규해지 이력미보유\
③공동가입우대금리 1.50%","20241120"
"148","적금","21001236","경남은행","주거래 프리미엄 적금","1.계악기간은 1년제, 2년제, 3년제로 한다.\
2. 적립금액은 매월 1만원이상, 최고금액은 제한없음","1","실명의 개인 및 개인사업자","영업점,인터넷,스마트폰","①주거래우대 0.50%\
②공과금 자동이체 0.40~0.60%\
③신규고객 0.20%\
④주택청약종합저축 보유 0.10%\
⑤ 전자명함을 통한 신규 시 0.2%","20241120"
"149","적금","21001259","경남은행","오늘도세이브적금","1. 계약기간은 1개월 이상 6개월 이내 월단위로 한다.\
2. 초입금 일 1천원 이상 10만원 이하 자유롭게 저축\
3. 최대 저축횟수는 999회 이내","1","실명의 개인 및 개인사업자","인터넷,스마트폰,기타","①마케팅동의 0.15%\
②목돈마련 축하이율 0.30~1.00%\
③친구 추천번호 0.30~0.60%","20241120"
"150","적금","21001268","경남은행","터치적금","1. 계약기간은 1개월로 한다.\
2. 초입금 일 1천원 이상 3만원 이하 자유롭게 저축\
3. 최대 저축횟수는 999회 이내","1","실명의 개인 및 개인사업자","스마트폰","①첫거래고객(적금가입 전일기준 당행 활동계좌 미보유) 2.50%\
②기간내 적금 입금일마다 0.10%씩 우대(최대2.50%)\
③마케팅동의 및 모바일메세지 수신동의 만기유지 시 0.50%","20241120"
"151","적금","01211210113","중소기업은행","IBK D-day적금(자유적립식)","1인당 3계좌 가입 가능하며, 계좌당 20만원 이내 납입 가능","1","실명의 개인\
(개인사업자 제외)","스마트폰","최고 연 1.5%p\
1. 목표달성 축하금리 : 연 1.0%p\
  - 당행 입출금식 계좌에서 이 적금으로 자동이체를 통해 3회 이상 납입하고 만기일 전일까지 목표금액(신규 시 직접 설정) 이상 납입하는 경우\
2. 최초거래고객 우대금리 : 연 0.5%p","20241120"
"152","적금","01211210121","중소기업은행","IBK탄소제로적금(자유적립식)","1인당 1계좌 가입 가능하며, 계좌당 최소 1만원 이상 1백만원까지 납입 가능","1","실명의 개인\
(개인사업자 제외)","스마트폰","최고 연 2.00%p\
1. 에너지 절감 우대금리 : 최대 연 1.00%p\
2. 최초거래고객 우대금리 : 연 0.50%p\
3. 지로 또는 공과금 자동이체 우대금리 : 연 0.50%p","20241120"
"153","적금","01211210122","중소기업은행","IBK중기근로자우대적금\
(자유적립식)","1인당 1계좌 가입 가능하며, 계좌당 100만원까지 납입 가능","3","중소기업에서 근무하는\
실명의 개인\
(개인사업자 제외)","영업점,스마트폰","최고 연 2.20%p\
1. 가입시점 중소기업 근로자로 확인된 경우 : 재직기간에 따라 최고 연 1.2%p\
2. 당행 급여이체 실적(월50만원 이상) 6개월 이상\
   인 경우 : 연 1.0%p","20241120"
"154","적금","03101","한국산업은행","KDB 기업정기적금","해당없음","1","개인사업자, 조합(비영리법인 포함), 법인","영업점,인터넷","해당없음","20241120"
"155","적금","03700","한국산업은행","KDB 자유적금","해당없음","1","개인, 개인사업자, 임의단체","영업점,인터넷,스마트폰","해당없음","20241120"
"156","적금","010200100051","국민은행","KB국민프리미엄적금(정액)","1인 1계좌","1","실명의 개인","영업점,인터넷,스마트폰,전화(텔레뱅킹)","① 단체가입/나라사랑/쿠폰 우대이율: \
    1년: 연 0.6%p, 2년: 연 0.7%p,\
    3년: 연 0.9%p, 5년: 연 1.0%p \
   (중복적용되지 않음, 계약기간별차등적용)\
② 교차거래 우대이율: 연 0.3%p","20241120"
"157","적금","010200100084","국민은행","KB맑은하늘적금","공동명의 불가\
(1인 최대 3계좌)","1","실명의 개인","영업점,인터넷,스마트폰","맑은하늘을 위한 미션별 제공조건을 달성할 때 각 미션별 우대이율 제공\
- 1년제 최고 연 0.8%p, 2년제 최고 연 0.9%p, 3년제 최고 연 1.0%p\
① 종이통장 줄이기 미션:연 0.1%p\
② 종이서식 줄이기 미션:연 0.2%p\
③ 대중교통 미션:1년제 연 0.4%p, 2년제 연 0.5%p, 3년제 연 0.6%p\
④ 퀴즈미션:연 0.1%p","20241120"
"158","적금","010200100092","국민은행","KB반려행복적금","공동명의 불가\
(1인 최대 3계좌)","1","실명의 개인","스마트폰","항목별 적용 조건 충족시, 최고 연 1.5%p\
① 반려동물 등록: 연 0.2%p\
② 미지(유기)입양: 연 0.2%p\
③ 반려동물애정활동: 연 0.2%p\
④ 반려동물요금제: 연 0.2%p\
⑤ KB거래감사: 연 0.2%p\
⑥ KB첫거래: 연 0.5%p","20241120"
"159","적금","010200100104","국민은행","KB 특★한 적금","개인사업자, 임의단체 및\
공동명의 가입 불가\
(1인 최대 3계좌)","1","실명의 개인","스마트폰","항목별 적용 조건 충족시, 최고 연 4.0%p\
① 목표달성 축하 우대이율: 최고 연 1.0%p\
    50만원 이하: 연 0.5%p, 50만원 초과: 연 1.0%p \
② 별 모으기 우대이율 : 최고 연 1.0%p\
    10개: 연 0.5%p, 20개: 연 1.0%p\
③ 함께해요 우대이율: 최고 연 2.0%p","20241120"
"160","적금","010200100109","국민은행","KB차차차 적금","- 개인사업자, 임의단체 및 공동명의 가입 불가\
(1인 1계좌) \
- KB스타뱅킹 전용상품","1","만19세이상 실명의 개인","스마트폰","항목별 적용 조건 충족시, 최고 연 5.5%p\
① 혜택수신 우대이율: 연 1.0%p\
② KB패밀리 우대이율: 연 1.0%p\
③ KB국민인증 우대이율: 연0.5%p \
④ 내차든든 우대이율: 연 3.0%P","20241120"
"161","적금","230-0119-85","신한은행","신한 알.쏠 적금","1. 가입한도: \
월300만원 이하\
2. 1인 다계좌","1","제한없음","영업점,스마트폰","※가산금리 최고 연 1.30%\
- 소득이체 : 연 0.6%\
- 카드이용 : 연 0.3%\
- 오픈뱅킹 : 연 0.6%\
- 청약보유 : 연 0.3%\
- 마케팅동의 : 연 0.1%\
※ 우대금리 항목별 자세한 적용 조건은 상품설명서 참조","20241120"
"162","적금","10-047-1360-0002","농협은행주식회사","NH올원e 미니적금","가입기간 1개월 이상 6개월 이하(일 단위)\
\
초입금 및 매일 1천원이상  5만원이내(천원 단위)","1","개인","스마트폰","1. 자동이체 입금횟수 우대금리 : 최고 0.5%p\
 - 5회이상 : 0.2%p, 10회이상 : 0.3%p, 15회이상 0.5%p\
2. 목표금액 달성 축하금리  : 0.5%p\
3. MZ세대(만 19~34세)) 우대금리 : 0.5%p\
4. 직전 1년간 당행 예적금(청약포함) 미보유 고객 : 0.2%p","20241121"
"163","적금","10-047-1365-0001","농협은행주식회사","NH1934월복리적금","초입금 및 매회 1만원 이상, 월 50만원 이내 자유적립\
\
급여이체 실적과 개인사업자 계좌 실적 우대금리는 중복 적용 불가\
\
 * 급여입금실적 인정기준\
  - 가입기간 12개월 이하 : 3개월 이상 급여이체\
  - 가입기간 24개월 이하 : 12개월 이상 급여이체","3","만19세~만34세 개인 및 개인사업자","영업점,인터넷,스마트폰","1. 급여실적 : 1.0%p (①/② 중복 적용 불가)\
 ① 급여이체 실적 : 1.0%p\
 ② 개인사업자 계좌 실적 :1.0%p\
2. 비대면 채널 이체 실적 : 0.3%p\
3. 마케팅 동의 : 0.2%p\
4. 농업계고 및 청년농부사관학교 졸업자 : 2.0%p","20241121"
"164","적금","10-047-1381-0001","농협은행주식회사","NH내가Green초록세상적금","초입금5만원 이상 및 매회 1만원 이상, 매월50만원이내\
(단, 만기일 전 3개월 이내에는 이전 적립금 합계액을 초과하여 입금불가)\
\
※자세한 사항은 상품설명서 참조","1","개인","영업점,인터넷,스마트폰","※ 우대금리 최대한도 : 1.0%p(연%, 세전)\
1. 온실가스 줄이기 실천서약서 동의 : 0.1%p\
2. 통장미발급 : 0.3%p\
3. 손하나로인증 서비스 등록 : 0.2%p\
4. 대중교통이용 : 0.2%p\
5. NH내가Green초록세상예금 동시 보유 : 0.2%p","20241121"
"165","적금","10-047-1387-0001","농협은행주식회사","NH고향사랑기부적금","1.초입금1만원 이상 및 매회 1천원 이상, 매월50만원이내\
\
2. 고향사랑기부금 우대금리는 농협은행/농축협 영업점 또는 고향사랑e음 홈페이지를 통한 고향사랑기부금 납부실적이 확인되는 경우 제공\
\
3. 연간 판매액의 0.1% 공익기금 적립\
\
※자세한 사항은 상품설명서 참조","1","개인","영업점,인터넷,스마트폰","1. 고향사랑기부금 납부고객 우대 : 0.5%p\
\
2-1. 만 65세 이상 고령자 우대 : 0.1%p\
2-2. 만 19~34세 MZ고객 우대 : 0.3%p\
\
3. NH채움카드 또는 [zgm.고향으로 카드] 이용실적 우대 : 0.1%p\
\
4. 고향사랑특별금리 : 0.1%p(금리시장상황에 따라 변동 가능)\
 - 고향사랑특별금리는 상품 가입고객 모두에게 적용","20241121"
"166","적금","10-059-1264-0001","농협은행주식회사","NH직장인월복리적금","초입금 및 매회 입금 1만원 이상 원 단위,  1인당 분기별 3백만원 이내 적립 가능\
(단,계약기간 3/4 경과 후 적립할 수 있는 금액은 이전 적립누계액의 1/2이내)","3","만18세이상 개인","영업점,인터넷,스마트폰","1. 급여입금실적 보유 고객 중\
 - 가입기간 중 3개월 이상 급여이체시 : 0.3%p\
 - 주택청약종합저축 또는 펀드가입 : 0.2%p\
 - NH채움카드 결제실적 1백만원 이상 : 0.2%p\
2. 인터넷(스마트)뱅킹 또는 올원뱅크로 가입 : 0.1%p","20241121"
"167","적금","52","하나은행","주거래하나 월복리적금","1. 1인 1계좌만 가능\
(급여하나월복리적금,연금하나 월복리적금과 중복가입 불가)\
2. 가입금액 \
 - 최저1만원~300만원이하\
3. 적립한도\
 분기당 1만원이상 300만원\
 (자유적립식)","1","실명의 개인\
또는 개인사업자","영업점,인터넷,스마트폰","최고 연1.0%\
- 주거래하나우대(연 0.5%) : 적금만기 전전월말기준 본인명의 당행입출금통장을 통해 계약기간 1/2이상 이체된 주거래실적 1종  - 주거래플러스우대(연 0.9%) : 주거래 하나우대와 동일요건의 거래실적 2종이상 경우 \
- 온라인.재예치우대 연 최대 0.1%","20241120"
"168","적금","53","하나은행","내맘적금","1. 1인 다계좌 가능\
2. 가입금액\
   - 1천원 이상~1,000만원 이하(원단위)\
3. 적립한도\
    - 자유적립식 : 매월 1원 이상~1,000만원 이하(원단위)\
    - 정액적립식 : 매월 1천원 이상~1,000만원 이하(원단위)","1","실명의 개인\
또는 개인사업자(1인 다계좌 가능)","영업점,인터넷,스마트폰,전화(텔레뱅킹)","하나은행 통장에서 계약기간의 1/2이상 월부금 자동이체실적 충족 시 연 0.50%","20241120"
"169","적금","01012000200000000003","주식회사 케이뱅크","코드K 자유적금","가입금액: 1만원 이상 30만원 이하\
가입기간: 6개월, 1년, 2년, 3년 \
(1인 최대 15계좌)","1","만 17세 이상 실명의 개인 및 개인사업자","스마트폰","금리우대 코드를 입력하는 경우 우대금리 적용","20241120"
"170","적금","01012000200000000004","주식회사 케이뱅크","궁금한 적금","가입금액: 0원\
가입기간: 31일\
(1인 최대 1계좌)\
적립방법 : 연결계좌를 통한 직접 입금만 가능하며, 입금은 신규일부터 만기일 전일까지 1일 1회 가능\
납입금액 : 1일(1회) 최소 100원, 최대 5만원","1","만 17세 이상 실명의 개인 및 개인사업자","스마트폰","입금할 때마다 우대금리를 랜덤으로 제공하며, 입금 시 제공되는 우대금리를 누적으로 합산하여 만기 해지 시 적용 (최고 연 6.0%)","20241120"
"171","적금","01012000210000000000","주식회사 케이뱅크","주거래우대 자유적금","가입금액: 1천원 이상 300만원 이하\
가입기간: 6개월 ~ 36개월\
(1인 최대 3계좌)","1","만 17세 이상 실명의 개인 및 개인사업자","스마트폰","급여이체 또는 통신비 자동이체, 체크카드 고객에게 우대금리 제공 (최고 연 0.6%)","20241120"
"172","적금","10140114300011","수협은행","Sh해양플라스틱Zero!적금\
(정액적립식)","- 1인 1계좌 \
- 월 가입한도 : 100만원","1","실명의 개인","영업점,인터넷,스마트폰","* 최대우대금리:0.5%\
1. 해양플라스틱감축서약 : 0.1% (신규시) \
2. 봉사활동 또는 상품홍보 : 0.2% (만기시) \
3. 입출금통장 최초신규 : 0.2% (만기시)\
4. 자동이체 출금실적 : 0.2% (만기시)\
 - 수협신용카드 / 당행 펀드 / 수협체크카드\
※단위:연%p","20241120"
"173","적금","10141109800021","수협은행","Sh월복리자유적금","- 1인 1계좌\
- 월 가입한도 : 100만원","1","실명의 개인 및 개인사업자","영업점,인터넷,스마트폰","*최대우대금리:0.7%\
-첫거래고객:0.3%\
-카드거래:최대0.3%\
-복수거래:0.1%\
-요구불거래:최대0.2%\
-인터넷뱅킹고객:0.1%\
-자동이체실적:0.1%\
※단위:연%p","20241120"
"174","적금","10141114300011","수협은행","Sh해양플라스틱Zero!적금\
(자유적립식)","- 1인 1계좌 \
- 월 가입한도 : 20만원","1","실명의 개인","영업점,인터넷,스마트폰","* 최대우대금리:0.5%\
1. 해양플라스틱감축서약 : 0.1% (신규시) \
2. 봉사활동 또는 상품홍보 : 0.2% (만기시) \
3. 입출금통장 최초신규 : 0.2% (만기시)\
4. 자동이체 출금실적 : 0.2% (만기시)\
 - 수협신용카드 / 당행 펀드 / 수협체크카드\
※단위:연%p","20241120"
"175","적금","10-01-30-355-0002","주식회사 카카오뱅크","카카오뱅크 자유적금","1. 가입방법 : 스마트폰\
2. 가입금액 : 1천원 이상(원단위)\
3. 가입기간 : 6개월 이상 ~ 36개월 이하(월, 일단위 지정 가능)\
4. 월 적립한도 : 1천원 이상 월 300만원 이하 원단위(단, 자동연장된 원리금은 월 적립한도에 포함되지 않음)","1","만 17세 이상의 실명의 개인","스마트폰","자동이체시 우대금리 제공 : 연 0.20%p\
 - 제공조건 : 전체 계약월수의 1/2이상을 자동이체로 납입하고 만기 해지하는 경우\
 - 유의사항 : 만기 자동연장된 원리금은 우대금리를 제공하지 않음","20241120"
"176","적금","10-01-30-355-0005","주식회사 카카오뱅크","카카오뱅크 26주적금","1. 가입방법 : 스마트폰\
2. 가입금액 : 1천원, 2천원, 3천원, 5천원, 1만원\
3. 가입기간 : 6개월\
4. 26주적금서비스(자동이체)를 통해서 납입이 가능하며, 그 외의 입금은 모두 제한됨\
(단, 26주적금 서비스를 통한 납입 실패 시 빈자리 채우기로 납입 가능)","1","만 17세 이상의 실명의 개인","스마트폰","자동이체 연속 성공 우대금리 제공 : 최고 연 3.00%p\
- 제공조건\
① 7주차까지 자동이체 납입을 연속 성공하고 만기해지 하는 경우 연 1.00%p 제공\
② 26주차까지 자동이체 납입을 연속 성공하고 만기해지 하는 경우 연 2.00%p 추가 제공\
- 유의사항 : 자동이체 실패한 주차를 빈자리채우기 하여도 성공으로 인정되지 않음","20241120"
"177","적금","10-01-30-355-0006","주식회사 카카오뱅크","카카오뱅크 한달적금","1. 가입방법 : 스마트폰\
2. 납입금액 : 1회 100원 이상 3만원 이하(원단위)\
3. 가입기간 : 31일\
4. 직접 납입을 통해서 1일 1회만 입금 가능하며, 그 외의 입금은 모두 제한됨","1","만 17세 이상의 실명의 개인","스마트폰","매일/보너스 우대금리 제공 : 최고 연 5.50%p\
- 제공조건\
① 매일 우대금리 : 매 입금 시 마다 연 0.10%p 제공(최대 연 3.10%p)\
② 보너스 우대금리 : 누적하여 5/10/15/20/25/31회 입금 시 해당 우대금리 제공(최대 연 2.40%p)\
- 유의사항 : 만기 해지하는 경우에만 제공","20241120"
"178","적금","1001303001001","토스뱅크 주식회사","토스뱅크 키워봐요 적금","· 1인 1계좌 (단, 이벤트 등으로 토스뱅크가 복수의 계좌개설을 허용하는 경우 추가 개설 가능)\
· 가입금액 : 0원\
· 우대금리는 우대조건을 달성하고 만기 해지하는 경우에만 제공됨","1","· 토스뱅크 통장 또는 토스뱅크 서브 통장을 보유한 실명의 개인","스마트폰","· 적금 가입 시 설정되는 주 단위 자동이체를 통하여 25회 이상 적립한 경우 : 연 2.00% 제공","20241120"
"179","적금","1001303001003","토스뱅크 주식회사","토스뱅크 굴비 적금","· 1인 1계좌 (단, 이벤트 등으로 토스뱅크가 복수의 계좌개설을 허용하는 경우 추가 개설 가능)\
· 가입금액 : 0원\
· 우대금리는 만기 해지하는 경우에만 제공됨","1","· 토스뱅크 통장 또는 토스뱅크 서브 통장을 보유한 실명의 개인","스마트폰","· 만기 해지 시 : 연 2.50% 제공","20241120"
"180","적금","1001303001004","토스뱅크 주식회사","토스뱅크 자유 적금","· 1인 1계좌 (단, 이벤트 등으로 토스뱅크가 복수의 계좌개설을 허용하는 경우 추가 개설 가능)\
· 가입금액 : 0원 이상 300만원 이하\
· 우대금리는 만기 해지하는 경우에만 제공됨","1","· 토스뱅크 통장 또는 토스뱅크 서브 통장을 보유한 실명의 개인","스마트폰","· 적금 가입 시 설정되는 월 단위 자동이체를 모두 성공하는 경우 : 연 0.50% 제공","20241120"
"181","적금","1001303001005","토스뱅크 주식회사","토스뱅크 아이 적금","· 1인 1계좌 \
· 가입금액 : 0원\
· 우대금리는 만기 해지하는 경우에만 제공됨","3","· 토스뱅크 아이 통장을 보유한 15세 이하 실명의 개인","스마트폰","· 적금 가입 시 설정되는 월 단위 자동이체를 모두 성공하는 경우 : 연 2.50% 제공","20241120"
"182","적금","HK00002","애큐온저축은행","정기적금","불입금액 : 1만원 이상","1","제한없음","영업점,인터넷,스마트폰,전화(텔레뱅킹)","없음","20231226"
"183","적금","HK00003","애큐온저축은행","직장인우대적금","불입금액 : 1만원 이상\
1인 1계좌","1","만 19세이상 직장인","영업점,인터넷,스마트폰","최대 연 0.50% 우대금리 적용\
※ 우대금리 적용조건 \
① 첫거래고객(가입시점 당행에 적립식 및 거치식 예금 미보유 고객) : 연 0.2%\
② 전자금융거래로 이체/신규/만기해지 7회이상(신규가입일~만기일) : 연 0.1%\
③ 개인정보 수집이용 동의(마케팅목적) : 연 0.1%","20231226"
"184","적금","HK00101","애큐온저축은행","다모아자유적금2","가입금액 1천원~20만원\
1인1계좌\
오픈뱅킹전용가입상품","1","제한없음","스마트폰","가입일 ~ 만기일까지 마케팅 동의 유지 : 1.0%\
\
만기시까지 당행 오픈뱅킹 잔액모으기를 통한 해당 적금불입횟수 10회이상 : 1.5%","20231227"
"185","적금","31000","오에스비저축은행","정기적금","-월 불입금 1만원 이상\
-6개월 이상 ~ 60개월 까지 (월 단위 가능)\
-만기시 이자지급","1","제한없음","영업점,인터넷,스마트폰","없음","20241115"
"186","적금","31003","오에스비저축은행","프리스타일적금","-월 불입금 1만원 이상\
-12개월 이상 ~ 36개월 까지 (월 단위 가능)\
-만기시 이자지급\
-월중 입금액은 계약금액의 10%를 초과할 수 없으며, 만기일로부터 1개월 이내는 납입불가","1","제한없음","영업점,인터넷,스마트폰","없음","20241115"
"187","적금","0803","디비저축은행","M-Dream Big 자유적금 (모바일)","- 최소가입금액: 1,000원 이상 \
- 한도: 분기당 50만원(연 2백만원) * 분기 예) 1~3월, 4~6월, 7~9월, 10~12월","1","만 19세 이상 실명의 개인고객 (1인 1계좌 한정)","스마트폰","* 우대이율: 만기 유지시 만기축하 이율 연 0.40% 적용 - 기본이율 3.60% + 우대이율 0.40% ※ 우대이율은 중도해지시에는 적용되지 않습니다. - 자세한 내용은 당사 모바일뱅킹 APP을 통해 확인하여 주시기 바랍니다.","20220822"
"188","적금","310000","디비저축은행","정기적금(창구)","최소가입금액: 1만원 이상 / 가입채널: 대면(창구)","1","실명의 개인, 법인","영업점","해당사항없음","20241113"
"189","적금","310007","디비저축은행","E-정기적금(인터넷)","최소가입금액: 1만원 이상 / 가입채널: 인터넷뱅킹","1","실명의 개인, 법인","인터넷","최고우대금리 : 0.1 / 인터넷 가입시 : 기본이율* + 0.1% (*기본이율: 가입시 12개월 정기적금 고시이율)","20241113"
"190","적금","310806","디비저축은행","M-정기적금(모바일)","최소가입금액: 1만원 이상 / 가입채널: 스마트뱅킹, SB톡톡+","1","실명의 개인","스마트폰","최고우대금리 : 0.2 / 모바일 가입시 : 기본이율* + 0.2% (*기본이율: 가입시 12개월 정기적금 고시이율)","20241113"
"191","적금","310807","디비저축은행","M-With 유 정기적금(모바일)","가입금액: 1만원 이상 30만원이하까지 / 가입채널: 스마트뱅킹, SB톡톡+","1","실명의 개인","스마트폰","약정이율 최대 6.5% =기본4.0% + 우대2.5%(최대) \
1) 가입일기준 당행 예적금가입이력 없는 첫거래/동일상품 한달이내 만기해지이력 존재고객 +1.0%\
2) 만 19세 이상 만 39세 이하 +0.5%\
3) 계약기간중 앱이용 입출금거래 월2회이상 6개월이상 유지 +0.5%\
4) 상품서비스안내 및 마케팅 전체 동의 +0.5%","20241113"
"192","적금","310010","스카이저축은행","정기적금","최소금액:1만원이상","1","제한없음","영업점","*만기후 1개월 이내 : 만기시점 동일상품 동일계약기간의 신규약정금리 *만기후 1개월 초과 :보통예금이율","20240123"
"193","적금","310011","스카이저축은행","e-정기적금","최소금액:1만원이상","1","제한없음","인터넷,스마트폰","*만기후 1개월 이내 : 만기시점 동일상품 동일계약기간의 신규약정금리 *만기후 1개월 초과 :보통예금이율","20240123"
"194","적금","310013","스카이저축은행","b-정기적금","최소금액:1만원이상","1","제한없음","인터넷,스마트폰","*만기후 1개월 이내 : 만기시점 동일상품 동일계약기간의 신규약정금리 *만기후 1개월 초과 :보통예금이율","20240123"
"195","적금","MK310001","민국저축은행","정기적금","- 중도해지 시 가입 기간에 따라 중도해지이율이 다르게 적용됩니다.","1","제한없음","영업점","* 최대우대금리 : 0.1%\
- 3명 이상 창구 방문하여 1년이상 적금 가입시 : 연 0.1%\
- 적금 만기해지 후 1년이상 정기예금 및 적금 신규 가입시 : 연 0.1%","20241107"
"196","적금","MK310004","민국저축은행","e-행복정기적금(인터넷)","- 중도해지 시 가입 기간에 따라 중도해지이율이 다르게 적용됩니다.","1","개인","인터넷","- 없음","20241107"
"197","적금","MK310017","민국저축은행","비대면정기적금(비대면)","- 중도해지 시 가입 기간에 따라 중도해지이율이 다르게 적용됩니다.","1","개인","스마트폰","- 없음","20241107"
"198","적금","MK310022","민국저축은행","톡톡정기적금(모바일)","- 중도해지 시 가입 기간에 따라 중도해지이율이 다르게 적용됩니다.","1","개인","모집인","- 없음","20241107"
"199","적금","2001","푸른상호저축은행","푸른 정기적금","- 중도해지금리\
1개월 미만 : 0.20%,\
6개월 미만 : 1.65%, \
12개월 미만 : 2.02%,\
12개월 이상 : 2.05%","1","제한 없음","영업점,인터넷,스마트폰","- 없음","20241101"
"200","적금","2002","푸른상호저축은행","프리스타일 적금","- 중도해지금리\
1개월 미만 : 0.20%,\
3개월 미만 : 1.40%,\
6개월 미만 : 1.90%, \
12개월 미만 : 1.91%,\
12개월 이상 : 1.95% \
\
- 1인 1계좌만 가능\
- 최고한도 : 5억원","1","개인","영업점,인터넷,스마트폰","없음","20241101"
"201","적금","310002","HB저축은행","정기적금","영업점 가입 전용상품","1","제한없음","영업점","해당사항없음","20240618"
"202","적금","310003","HB저축은행","e-정기적금","인터넷가입 전용상품","1","제한없음","인터넷","해당사항없음","20240618"
"203","적금","310004","HB저축은행","스마트 정기적금","스마트폰가입 전용상품","1","제한없음","스마트폰","해당사항없음","20240618"
"204","적금","310005","키움예스저축은행","키워드림 정기적금","-","1","제한없음","영업점","*인터넷뱅킹, 스마트뱅킹, 비대면 가입시 우대금리 적용","20240201"
"205","적금","310006","키움예스저축은행","키워드림 e-정기적금 (인터넷뱅킹, 스마트뱅킹)","-","1","제한없음","인터넷,스마트폰","-","20240201"
"206","적금","310027","더케이저축은행","정기적금","없음","1","제한없음","영업점,인터넷,스마트폰","없음","20231218"
"207","적금","310028","더케이저축은행","e-정기적금","-인터넷뱅킹, 스마트폰뱅킹 전용","1","제한없음","인터넷,스마트폰","없음","20231218"
"208","적금","024310001","조은저축은행","정기적금(서울본점)","없음","1","제한없음","영업점","*최고우대금리 : 0.1%\
-자영업자, 직장인(증빙서류제출-재직증명서, 사업자등록증, 명함, 사원카드) : 0.1%","20241115"
"209","적금","024311001","조은저축은행","정기적금(여수지점)","없음","1","제한없음","영업점","*최고우대금리 : 0.1%\
-자영업자, 직장인(증빙서류제출-재직증명서, 사업자등록증, 명함, 사원카드) : 0.1%","20241115"
"210","적금","024312001","조은저축은행","e-정기적금","없음","1","제한없음","인터넷,스마트폰","없음","20241115"
"211","적금","380008","에스비아이저축은행","자유적금","없음","1","제한없음","인터넷,스마트폰","- 비대면(인터넷뱅킹 또는 사이다뱅크APP)우대금리 : 연0.1%\
\
- 자동연장 시 추가 우대금리 : 연0.05%","20241028"
"212","적금","310001","바로저축은행","정기적금(월수)","1. 최소납입금액 10,000원 이상","1","제한 없음","영업점","없음","20220913"
"213","적금","310009","바로저축은행","SB톡톡 정기적금(비대면)","1. 최소납입금액 10,000원 이상","1","제한 없음","스마트폰","없음","20220913"
"214","적금","310008","다올저축은행","아이사랑 정기적금","* 중도해지이율 (입금액마다 경과기간별 차등 적용) \
- 1개월미만 : 가입일의 보통예금 금리 \
- 6개월미만 : 약정이율X50% \
- 9개월미만 : 약정이율X55% \
- 12개월미만 : 약정이율X60% \
- 12개월이상 : 약정이율X70%","3","개인 (만 7세 이하 미성년자)","영업점","[※유의사항] \
-가입대상: 만7세 이하 미성년자 \
-1인 1계좌 / 영업점 전용상품 (부모님 내방) \
-필요서류: 자녀 명의 가족관계서류, 기본증명서, 도장, 부모신분증 \
-부모님 인터넷뱅킹가입 필수 \
-가입금액: 최대 월 불입액 10만원","20220822"
"215","적금","310018","다올저축은행","Fi 정기적금 (대면)","* 중도해지이율 (입금액마다 경과기간별 차등 적용)\
- 1개월미만 : 가입일의 보통예금 금리\
- 6개월미만 : 약정이율X50%\
- 9개월미만 : 약정이율X55%\
- 12개월미만 : 약정이율X60%\
- 12개월이상 : 약정이율X70%","1","제한없음","영업점","없음","20240621"
"216","적금","310019","다올저축은행","Fi 정기적금 (비대면)","* 중도해지이율 (입금액마다 경과기간별 차등 적용)\
- 1개월미만 : 가입일의 보통예금 금리\
- 6개월미만 : 약정이율X50%\
- 9개월미만 : 약정이율X55%\
- 12개월미만 : 약정이율X60%\
- 12개월이상 : 약정이율X70%","1","제한없음","인터넷,스마트폰","없음","20240621"
"217","적금","31","유안타저축은행","정기적금","없음","1","제한없음","영업점","없음","20240229"
"218","적금","31-1","유안타저축은행","e-정기적금","없음","1","제한없음","인터넷,스마트폰","없음","20240229"
"219","적금","310016","고려저축은행","보고파 정기적금","-1인당 최대 100만원까지 가입가능\
-1인1계좌 제한\
-가입기간 : 6개월~36개월","1","비거주 외국인 외 제한없음","인터넷,스마트폰","-","20240531"
"220","적금","310017","고려저축은행","마이버킷 정기적금","-고뱅크 어플 전용상품\
-1인당 최대 150만원까지 가입가능\
-가입기간 : 6개월~12개월","1","비거주 외국인 외 제한없음","스마트폰","* 최고우대금리 : 3.00%\
[워크온 챌린지 참여]\
- 금메달(200,000보) : 3.00%\
- 은메달(180,000보) : 2.00%\
- 동메달(150,000보) : 1.00%","20241031"
"221","적금","KJ0001B","국제저축은행","꿈 찾아 정기적금","만기후 1개월까지는 계약당시 금리와 만기시점 해당금리를 비교하여 낮은 금리 적용\
만기후 1개월 초과 이후로는 보통예금 금리 적용","1","제한없음","영업점","없음","20240906"
"222","적금","KJ0004B","국제저축은행","꿈 찾아 정기적금(비대면)","만기후 1개월까지는 계약당시 금리와 만기시점 해당금리를 비교하여 낮은 금리 적용\
만기후 1개월 초과 이후로는 보통예금 금리 적용","1","만 19세 이상의 개인","스마트폰","없음","20240906"
"223","적금","DH003","디에이치저축은행","정기적금","없음","1","제한없음","영업점","없음","20221014"
"224","적금","DH004","디에이치저축은행","정기적금(비대면)","없음","1","제한없음","인터넷,스마트폰","없음","20221014"
"225","적금","310012","흥국저축은행","비대면 정기적금","없음","1","제한없음","스마트폰","없음","20240129"
"226","적금","KH3100","금화저축은행","정기적금","중도해지 이율 - ① 1개월 미만 : 보통예금이율 (0.2%)\
② 1개월이상~6개월미만 : 약정이율X50%\
③ 6개월이상~12개월미만 : 약정이율X55%\
④ 12개월이상~24개월미만 : 약정이율X60%\
⑤ 24개월이상~60개월미만 : 약정이율X70%","1","제한없음","영업점","창구전용상품","20241112"
"227","적금","KH3101","금화저축은행","e-정기적금","중도해지 이율 - ① 1개월 미만 : 보통예금이율 (0.2%)\
② 1개월이상~6개월미만 : 약정이율X50%\
③ 6개월이상~12개월미만 : 약정이율X55%\
④ 12개월이상~24개월미만 : 약정이율X60%\
⑤ 24개월이상~60개월미만 : 약정이율X70%","1","인터넷 및 모바일뱅킹 사용자","인터넷,스마트폰","-","20241112"
"228","적금","KH3102","금화저축은행","e-행복더드림정기적금","① 인터넷 및 모바일뱅킹 전용 상품\
② 1인당 최고 월 100만원 불입 가능\
③ 중도해지이율 : 일반 정기적금과 동일","1","인터넷 및 모바일뱅킹 사용자","인터넷,스마트폰","인터넷, 모바일\
전용상품","20240408"
"229","적금","KH3103","금화저축은행","비대면-정기적금","중도해지 이율 - ① 1개월 미만 : 보통예금이율 (0.2%)\
② 1개월이상~6개월미만 : 약정이율X50%\
③ 6개월이상~12개월미만 : 약정이율X55%\
④ 12개월이상~24개월미만 : 약정이율X60%\
⑤ 24개월이상~60개월미만 : 약정이율X70%","1","비대면 어플사용자","스마트폰","-","20240408"
"230","적금","310035","모아저축은행","정기적금","- 1인당 가입한도 : 계약금액 월 1만원 이상","1","제한없음","영업점","없음","20240329"
"231","적금","310036","모아저축은행","12干支정기적금","- 1인당 가입한도 : 월 30만원 이상","1","제한없음","영업점","없음","20240329"
"232","적금","310037","모아저축은행","생일축하정기적금","- 1인당 가입한도 : 월 30만원 이상","1","제한없음","영업점","없음","20240329"
"233","적금","310038","모아저축은행","e-모아 정기적금","- 1인당 가입한도 : 계약금액 월 1만원 이상","1","제한없음","인터넷,스마트폰","없음","20240329"
"234","적금","31-0001","안국저축은행","정기적금","없음","1","제한없음","영업점","없음","20241115"
"235","적금","31-0002","안국저축은행","e-정기적금","없음","1","제한없음","인터넷,스마트폰","없음","20241115"
"236","적금","31-0003","안국저축은행","정기적금(비대면)","없음","1","제한없음","스마트폰","없음","20241115"
"237","적금","NY310006","남양저축은행","정기적금","중도해지 이율 : 1개월미만 : 계약일의 보통예금 금리, 1개월이상 6개월미만 : 약정이율의 50%, 6개월이상 12개월미만 : 약정이율의 55%. 12개월 이상 : 약정이율의 65%","1","제한없음","영업점","없음","20230317"
"238","적금","NY310007","남양저축은행","e-정기적금","중도해지 이율 : 1개월미만 : 계약일의 보통예금 금리, 1개월이상 6개월미만 : 약정이율의 50%, 6개월이상 12개월미만 : 약정이율의 55%. 12개월 이상 : 약정이율의 65%","1","제한없음","인터넷,스마트폰","없음","20230317"
"239","적금","NY310009","남양저축은행","비대면-정기적금","중도해지 이율 : 1개월미만 : 계약일의 보통예금 금리, 1개월이상 6개월미만 : 약정이율의 50%, 6개월이상 12개월미만 : 약정이율의 55%. 12개월 이상 : 약정이율의 65%","1","만19세이상 내국인 개인고객, 본인 스마트폰 소지자, 신분증(주민등록증 또는 운전면허증)소지자, 최근 30일이내 전은행에서 입출금통장 개설내역이 없는 고객, 미국인 납세자에 해당하지 않는 고객","스마트폰","없음","20230317"
"240","적금","3100109","평택저축은행","정기적금","보호금융상품 1인당 최고 5천만원","1","제한없음","영업점","해당없음","20240806"
