"1","WR0001B","단리","3","3","1","1"
"2","WR0001B","단리","3.37","3.37","3","1"
"3","WR0001B","단리","3.42","3.42","6","1"
"4","WR0001B","단리","3.37","3.37","12","1"
"5","WR0001B","단리","2.7","2.7","24","1"
"6","WR0001B","단리","2.7","2.7","36","1"
"7","00320342","단리","3","3.2","1","2"
"8","00320342","단리","3.4","3.6","3","2"
"9","00320342","단리","3.35","3.55","6","2"
"10","00320342","단리","3.1","3.4","12","2"
"11","10511008000996000","단리","2.22","2.87","6","3"
"12","10511008000996000","단리","2.91","3.56","12","3"
"13","10511008000996000","단리","2.78","3.43","24","3"
"14","10511008000996000","단리","2.8","3.45","36","3"
"15","10511008001004000","단리","1.82","2.27","3","4"
"16","10511008001004000","단리","2.32","2.77","6","4"
"17","10511008001004000","단리","3.01","3.46","12","4"
"18","10511008001004000","단리","2.88","3.33","24","4"
"19","10511008001004000","단리","2.9","3.35","36","4"
"20","10511008001166004","단리","3.05","3.5","12","5"
"21","10511008001278000","단리","2.1","2.15","1","6"
"22","10511008001278000","단리","3.3","3.35","3","6"
"23","10511008001278000","단리","3.15","3.4","6","6"
"24","10511008001278000","단리","3.1","3.35","12","6"
"25","10511008001278000","단리","2.88","3.13","24","6"
"26","10511008001278000","단리","2.9","3.15","36","6"
"27","01030500510002","단리","2.25","2.25","1","7"
"28","01030500510002","단리","2.45","3.05","3","7"
"29","01030500510002","단리","2.55","3.05","6","7"
"30","01030500510002","단리","2.75","3.2","12","7"
"31","01030500510002","단리","2.5","2.5","24","7"
"32","01030500510002","단리","2.5","2.5","36","7"
"33","01030500560002","단리","2.05","2.5","1","8"
"34","01030500560002","단리","2.6","3.05","3","8"
"35","01030500560002","단리","2.85","3.3","6","8"
"36","01030500560002","단리","3","3.45","12","8"
"37","01030500560002","단리","2.25","2.7","24","8"
"38","01030500560002","단리","1.95","2.4","36","8"
"39","01030500600002","단리","2.95","3.15","6","9"
"40","01030500600002","단리","3.15","3.35","12","9"
"41","TD11300027000","복리","3.02","3.22","12","10"
"42","TD11300027000","복리","2.99","3.19","24","10"
"43","TD11300027000","복리","2.83","3.03","36","10"
"44","TD11300031000","단리","2.81","2.91","1","11"
"45","TD11300031000","단리","2.96","3.06","3","11"
"46","TD11300031000","단리","3.01","3.11","6","11"
"47","TD11300031000","단리","2.92","3.12","12","11"
"48","TD11300031000","단리","2.89","3.09","24","11"
"49","TD11300031000","단리","2.73","2.93","36","11"
"50","TD11300035000","단리","2.82","3.32","12","12"
"51","TD11300036000","단리","3.3","3.3","3","13"
"52","TD11300036000","단리","3.35","3.35","6","13"
"53","TD11300036000","단리","3.3","3.3","12","13"
"54","101272000006","단리","2.4","2.5","1","14"
"55","101272000006","단리","2.5","2.6","3","14"
"56","101272000006","단리","2.65","2.75","6","14"
"57","101272000006","단리","2.85","2.95","12","14"
"58","101272000006","단리","2.95","3.05","24","14"
"59","101272000006","단리","3.05","3.15","36","14"
"60","101272000057","단리","1.8","2.9","1","15"
"61","101272000057","단리","2.1","3","3","15"
"62","101272000057","단리","2.5","3.3","6","15"
"63","101272000057","단리","2.6","3.45","12","15"
"64","101272000057","단리","2.5","3.3","24","15"
"65","101272000057","단리","2.5","3.3","36","15"
"66","101272000058","단리","2.1","2.9","3","16"
"67","101272000058","단리","2.25","3.1","6","16"
"68","101272000058","단리","2.45","3.2","12","16"
"69","10-01-20-024-0046-0000","단리","3.4","3.4","3","17"
"70","10-01-20-024-0046-0000","단리","3.5","3.5","6","17"
"71","10-01-20-024-0046-0000","단리","3.35","3.35","12","17"
"72","10-01-20-024-0059-0000","단리","3.25","3.6","12","18"
"73","10-01-20-024-0059-0000","단리",\N,"3.35","24","18"
"74","10-01-20-024-0059-0000","단리",\N,"3.45","36","18"
"75","21001115","단리","2.35","2.85","3","19"
"76","21001115","단리","2.4","2.9","6","19"
"77","21001115","단리","2.65","3.15","12","19"
"78","21001115","단리","2.75","3.25","24","19"
"79","21001203","단리","2.8","3.1","6","20"
"80","21001203","단리","2.95","3.25","12","20"
"81","21001203","단리","2.9","3.2","24","20"
"82","21001266","단리","2.35","3.5","3","21"
"83","21001266","단리","2.35","3.5","6","21"
"84","21001266","단리","2.35","3.5","12","21"
"85","01211310121","단리","2.95","3.15","12","22"
"86","01211310121","단리","2.9","3.1","24","22"
"87","01211310121","단리","2.85","3.05","36","22"
"88","01211310130","단리","3.18","3.18","6","23"
"89","01211310130","단리","3","3","12","23"
"90","01211310130","단리","2.91","2.91","24","23"
"91","01211310130","단리","2.81","2.81","36","23"
"92","06492","단리","2.9","2.9","1","24"
"93","06492","단리","3","3","3","24"
"94","06492","단리","3.1","3.1","6","24"
"95","06492","단리","3.2","3.2","12","24"
"96","06492","단리","2.85","2.85","24","24"
"97","06492","단리","2.85","2.85","36","24"
"98","010300100335","단리","1.8","3","1","25"
"99","010300100335","단리","2.2","3.35","3","25"
"100","010300100335","단리","2.3","3.4","6","25"
"101","010300100335","단리","2.5","3.35","12","25"
"102","010300100335","단리","2.6","2.7","24","25"
"103","010300100335","단리","2.6","2.7","36","25"
"104","200-0134-16","단리","2.15","3.05","1","26"
"105","200-0134-16","단리","2.45","3.4","3","26"
"106","200-0134-16","단리","2.55","3.45","6","26"
"107","200-0134-16","단리","2.6","3.45","12","26"
"108","200-0135-12","단리","2.15","3","1","27"
"109","200-0135-12","단리","2.45","3.35","3","27"
"110","200-0135-12","단리","2.55","3.4","6","27"
"111","200-0135-12","단리","2.6","3.35","12","27"
"112","200-0135-12","단리","2.6","2.95","24","27"
"113","200-0135-12","단리","2.6","2.95","36","27"
"114","10-003-1225-0001","단리","2.95","3.05","1","28"
"115","10-003-1225-0001","단리","3.25","3.35","3","28"
"116","10-003-1225-0001","단리","3.35","3.45","6","28"
"117","10-003-1225-0001","단리","3.32","3.42","12","28"
"118","10-003-1381-0001","단리","2.75","3.15","12","29"
"119","10-003-1381-0001","단리","2.65","3.05","24","29"
"120","10-003-1381-0001","단리","2.65","3.05","36","29"
"121","10-003-1384-0001","단리","3","3","1","30"
"122","10-003-1384-0001","단리","3.35","3.35","3","30"
"123","10-003-1384-0001","단리","3.45","3.45","6","30"
"124","10-003-1384-0001","단리","3.42","3.42","12","30"
"125","10-003-1384-0001","단리","3.05","3.05","24","30"
"126","10-003-1384-0001","단리","3.1","3.1","36","30"
"127","10-003-1387-0001","단리","2.75","3.55","12","31"
"128","4","단리","2","3","1","32"
"129","4","단리","2.2","3.35","3","32"
"130","4","단리","2.3","3.4","6","32"
"131","4","단리","2.6","3.35","12","32"
"132","4","단리","2.6","2.9","24","32"
"133","4","단리","2.7","2.9","36","32"
"134","01013000110000000001","단리","3","3","1","33"
"135","01013000110000000001","단리","3.3","3.3","3","33"
"136","01013000110000000001","단리","3.3","3.3","6","33"
"137","01013000110000000001","단리","3.2","3.2","12","33"
"138","01013000110000000001","단리","3","3","24","33"
"139","01013000110000000001","단리","3","3","36","33"
"140","10120110400011","단리","2.4","2.8","12","34"
"141","10120114300011","단리","3.05","3.4","6","35"
"142","10120114300011","단리","3.1","3.45","12","35"
"143","10120114700011","단리","3.4","3.4","3","36"
"144","10120114700011","단리","3.42","3.42","6","36"
"145","10120114700011","단리","3.42","3.42","12","36"
"146","10120116100011","단리","2.55","3.6","12","37"
"147","10-01-20-388-0002","단리","2.6","2.6","1","38"
"148","10-01-20-388-0002","단리","3.1","3.1","3","38"
"149","10-01-20-388-0002","단리","3.2","3.2","6","38"
"150","10-01-20-388-0002","단리","3.1","3.1","12","38"
"151","10-01-20-388-0002","단리","2.8","2.8","24","38"
"152","10-01-20-388-0002","단리","2.8","2.8","36","38"
"153","1001202000002","단리","3","3","3","39"
"154","1001202000002","단리","3","3","6","39"
"155","HK00001","단리","1","1","1","40"
"156","HK00001","단리","1.3","1.3","3","40"
"157","HK00001","단리","2.9","2.9","6","40"
"158","HK00001","단리","3.5","3.5","12","40"
"159","HK00001","단리","3.25","3.25","24","40"
"160","HK00001","단리","3.15","3.15","36","40"
"161","HK00001","복리","1","1","1","40"
"162","HK00001","복리","1.3","1.3","3","40"
"163","HK00001","복리","2.9","2.9","6","40"
"164","HK00001","복리","3.5","3.5","12","40"
"165","HK00001","복리","3.25","3.25","24","40"
"166","HK00001","복리","3.15","3.15","36","40"
"167","HK00006","단리","3.6","3.6","12","41"
"168","HK00006","단리","3.6","3.6","24","41"
"169","HK00006","단리","3.6","3.6","36","41"
"170","HK00006","복리","3.6","3.6","12","41"
"171","HK00006","복리","3.6","3.6","24","41"
"172","HK00006","복리","3.6","3.6","36","41"
"173","HK00007","단리","3.55","3.6","12","42"
"174","HK00007","복리","3.55","3.6","12","42"
"175","HK00009","단리","3.6","3.6","12","43"
"176","HK00009","단리","3.6","3.6","24","43"
"177","HK00009","단리","3.6","3.6","36","43"
"178","HK00009","복리","3.6","3.6","12","43"
"179","HK00009","복리","3.6","3.6","24","43"
"180","HK00009","복리","3.6","3.6","36","43"
"181","HK00010","단리","3.55","3.55","12","44"
"182","HK00010","복리","3.55","3.55","12","44"
"183","HK00011","단리","3.55","3.55","12","45"
"184","HK00011","복리","3.55","3.55","12","45"
"185","HK00012","복리","3.6","3.7","12","46"
"186","HK00013","단리","3.3","3.65","12","47"
"187","HK00013","단리","3","3.35","24","47"
"188","HK00013","복리","3.3","3.65","12","47"
"189","HK00013","복리","3","3.35","24","47"
"190","24000","단리","1.2","1.2","1","48"
"191","24000","단리","1.9","1.9","3","48"
"192","24000","단리","3.9","3.9","6","48"
"193","24000","단리","3.2","3.2","12","48"
"194","24000","단리","3.2","3.2","24","48"
"195","24000","단리","3.2","3.2","36","48"
"196","24000","복리","1.2","1.2","1","48"
"197","24000","복리","1.9","1.9","3","48"
"198","24000","복리","3.9","3.9","6","48"
"199","24000","복리","3.2","3.2","12","48"
"200","24000","복리","3.2","3.2","24","48"
"201","24000","복리","3.2","3.2","36","48"
"202","24002","단리","1.2","1.2","1","49"
"203","24002","단리","1.9","1.9","3","49"
"204","24002","단리","3.9","3.9","6","49"
"205","24002","단리","3.2","3.2","12","49"
"206","24002","단리","3.2","3.2","24","49"
"207","24002","단리","3.2","3.2","36","49"
"208","24002","복리","1.2","1.2","1","49"
"209","24002","복리","1.9","1.9","3","49"
"210","24002","복리","3.9","3.9","6","49"
"211","24002","복리","3.2","3.2","12","49"
"212","24002","복리","3.2","3.2","24","49"
"213","24002","복리","3.2","3.2","36","49"
"214","24036","단리","3.2","3.2","36","50"
"215","24036","복리","3.2","3.2","36","50"
"216","24037","단리","3.2","3.2","36","51"
"217","24037","복리","3.2","3.2","36","51"
"218","240000","단리","1.3","1.3","1","52"
"219","240000","단리","2","2","3","52"
"220","240000","단리","2.3","2.3","6","52"
"221","240000","단리","3.5","3.5","12","52"
"222","240000","단리","3.1","3.1","24","52"
"223","240000","복리","1.3","1.3","1","52"
"224","240000","복리","2","2","3","52"
"225","240000","복리","2.3","2.3","6","52"
"226","240000","복리","3.5","3.5","12","52"
"227","240000","복리","3.1","3.1","24","52"
"228","240007","단리","1.3","1.3","1","53"
"229","240007","단리","2","2","3","53"
"230","240007","단리","2.3","2.3","6","53"
"231","240007","단리","3.5","3.5","12","53"
"232","240007","단리","3.1","3.1","24","53"
"233","240007","단리","3.1","3.1","36","53"
"234","240007","복리","1.3","1.3","1","53"
"235","240007","복리","2","2","3","53"
"236","240007","복리","2.3","2.3","6","53"
"237","240007","복리","3.5","3.5","12","53"
"238","240007","복리","3.1","3.1","24","53"
"239","240007","복리","3.1","3.1","36","53"
"240","240800","단리","3.6","3.6","12","54"
"241","240800","복리","3.6","3.6","12","54"
"242","240801","단리","3.6","3.6","12","55"
"243","240801","복리","3.6","3.6","12","55"
"244","240802","단리","3.6","3.6","12","56"
"245","240802","복리","3.6","3.6","12","56"
"246","240806","단리","1.3","1.3","1","57"
"247","240806","단리","2","2","3","57"
"248","240806","단리","2.3","2.3","6","57"
"249","240806","단리","3.5","3.5","12","57"
"250","240806","단리","3.1","3.1","24","57"
"251","240806","단리","3.1","3.1","36","57"
"252","240806","복리","1.3","1.3","1","57"
"253","240806","복리","2","2","3","57"
"254","240806","복리","2.3","2.3","6","57"
"255","240806","복리","3.5","3.5","12","57"
"256","240806","복리","3.1","3.1","24","57"
"257","240806","복리","3.1","3.1","36","57"
"258","240860","단리","3.5","3.5","6","58"
"259","240860","복리","3.5","3.5","6","58"
"260","240862","단리","3.5","3.5","6","59"
"261","240862","복리","3.5","3.5","6","59"
"262","240023","단리","2","2","1","60"
"263","240023","단리","2.5","2.5","3","60"
"264","240023","단리","3.4","3.4","6","60"
"265","240023","단리","3.55","3.55","12","60"
"266","240023","단리","3.1","3.1","24","60"
"267","240023","단리","3.1","3.1","36","60"
"268","240023","복리","2","2","1","60"
"269","240023","복리","2.5","2.5","3","60"
"270","240023","복리","3.4","3.4","6","60"
"271","240023","복리","3.55","3.55","12","60"
"272","240023","복리","3.1","3.1","24","60"
"273","240023","복리","3.1","3.1","36","60"
"274","240025","단리","2.1","2.1","1","61"
"275","240025","단리","2.6","2.6","3","61"
"276","240025","단리","3.4","3.4","6","61"
"277","240025","단리","3.55","3.55","12","61"
"278","240025","단리","3.2","3.2","24","61"
"279","240025","단리","3.2","3.2","36","61"
"280","240025","복리","2.1","2.1","1","61"
"281","240025","복리","2.6","2.6","3","61"
"282","240025","복리","3.4","3.4","6","61"
"283","240025","복리","3.55","3.55","12","61"
"284","240025","복리","3.2","3.2","24","61"
"285","240025","복리","3.2","3.2","36","61"
"286","240029","단리","2.1","2.1","1","62"
"287","240029","단리","2.6","2.6","3","62"
"288","240029","단리","3.4","3.4","6","62"
"289","240029","단리","3.55","3.55","12","62"
"290","240029","단리","3.2","3.2","24","62"
"291","240029","단리","3.2","3.2","36","62"
"292","240029","복리","2.1","2.1","1","62"
"293","240029","복리","2.6","2.6","3","62"
"294","240029","복리","3.4","3.4","6","62"
"295","240029","복리","3.55","3.55","12","62"
"296","240029","복리","3.2","3.2","24","62"
"297","240029","복리","3.2","3.2","36","62"
"298","240031","단리","3.65","3.65","12","63"
"299","240031","복리","3.65","3.65","12","63"
"300","240033","단리","3.65","3.65","12","64"
"301","240033","복리","3.65","3.65","12","64"
"302","240035","단리","3.5","3.5","6","65"
"303","240035","복리","3.5","3.5","6","65"
"304","240037","단리","3.5","3.5","6","66"
"305","240037","복리","3.5","3.5","6","66"
"306","MK240001","단리","1.6","1.6","1","67"
"307","MK240001","단리","1.8","1.8","3","67"
"308","MK240001","단리","3.3","3.3","6","67"
"309","MK240001","단리","3.35","3.45","12","67"
"310","MK240001","단리","3.2","3.3","24","67"
"311","MK240001","단리","3.2","3.3","36","67"
"312","MK240001","복리","1.6","1.6","1","67"
"313","MK240001","복리","1.8","1.8","3","67"
"314","MK240001","복리","3.3","3.3","6","67"
"315","MK240001","복리","3.35","3.45","12","67"
"316","MK240001","복리","3.2","3.3","24","67"
"317","MK240001","복리","3.2","3.3","36","67"
"318","MK240002","단리","1.6","1.6","1","68"
"319","MK240002","단리","1.8","1.8","3","68"
"320","MK240002","단리","3.1","3.1","6","68"
"321","MK240002","단리","3.35","3.35","12","68"
"322","MK240002","단리","3","3","24","68"
"323","MK240002","단리","3","3","36","68"
"324","MK240002","복리","1.6","1.6","1","68"
"325","MK240002","복리","1.8","1.8","3","68"
"326","MK240002","복리","3.1","3.1","6","68"
"327","MK240002","복리","3.35","3.35","12","68"
"328","MK240002","복리","3","3","24","68"
"329","MK240002","복리","3","3","36","68"
"330","MK240018","단리","1.6","1.6","1","69"
"331","MK240018","단리","1.8","1.8","3","69"
"332","MK240018","단리","3.1","3.1","6","69"
"333","MK240018","단리","3.35","3.35","12","69"
"334","MK240018","단리","3","3","24","69"
"335","MK240018","단리","3","3","36","69"
"336","MK240018","복리","1.6","1.6","1","69"
"337","MK240018","복리","1.8","1.8","3","69"
"338","MK240018","복리","3.1","3.1","6","69"
"339","MK240018","복리","3.35","3.35","12","69"
"340","MK240018","복리","3","3","24","69"
"341","MK240018","복리","3","3","36","69"
"342","MK240020","단리","1.6","1.6","1","70"
"343","MK240020","단리","1.8","1.8","3","70"
"344","MK240020","단리","3.1","3.1","6","70"
"345","MK240020","단리","3.35","3.35","12","70"
"346","MK240020","단리","3","3","24","70"
"347","MK240020","단리","3","3","36","70"
"348","MK240020","복리","1.6","1.6","1","70"
"349","MK240020","복리","1.8","1.8","3","70"
"350","MK240020","복리","3.1","3.1","6","70"
"351","MK240020","복리","3.35","3.35","12","70"
"352","MK240020","복리","3","3","24","70"
"353","MK240020","복리","3","3","36","70"
"354","1001","단리","2.8","2.9","1","71"
"355","1001","단리","2.9","3","3","71"
"356","1001","단리","3.5","3.6","6","71"
"357","1001","단리","3.6","3.7","12","71"
"358","1001","단리","3.1","3.2","24","71"
"359","1001","복리","2.8","2.9","1","71"
"360","1001","복리","2.9","3","3","71"
"361","1001","복리","3.5","3.6","6","71"
"362","1001","복리","3.6","3.7","12","71"
"363","1001","복리","3.1","3.2","24","71"
"364","240004","단리","3.9","3.9","6","72"
"365","240004","단리","3.55","3.55","12","72"
"366","240004","단리","3","3","24","72"
"367","240004","단리","3","3","36","72"
"368","240004","복리","3.9","3.9","6","72"
"369","240004","복리","3.55","3.55","12","72"
"370","240004","복리","3","3","24","72"
"371","240004","복리","3","3","36","72"
"372","240018","단리","3.95","3.95","6","73"
"373","240018","단리","3.6","3.6","12","73"
"374","240018","단리","3","3","24","73"
"375","240018","단리","3","3","36","73"
"376","240018","복리","3.95","3.95","6","73"
"377","240018","복리","3.6","3.6","12","73"
"378","240018","복리","3","3","24","73"
"379","240018","복리","3","3","36","73"
"380","240021","단리","3.95","3.95","6","74"
"381","240021","단리","3.6","3.6","12","74"
"382","240021","단리","3","3","24","74"
"383","240021","단리","3","3","36","74"
"384","240021","복리","3.95","3.95","6","74"
"385","240021","복리","3.6","3.6","12","74"
"386","240021","복리","3","3","24","74"
"387","240021","복리","3","3","36","74"
"388","240023","단리","3.6","3.6","12","60"
"389","240023","복리","3.6","3.6","12","60"
"390","240025","단리","3.65","3.65","12","61"
"391","240025","복리","3.65","3.65","12","61"
"392","240027","단리","3.65","3.65","12","75"
"393","240027","복리","3.65","3.65","12","75"
"394","240032","단리","3","3","6","76"
"395","240032","복리","3","3","6","76"
"396","240033","단리","3","3","6","64"
"397","240033","복리","3","3","6","64"
"398","240035","단리","3","3","6","65"
"399","240035","복리","3","3","6","65"
"400","240029","단리","1.2","1.2","1","62"
"401","240029","단리","1.3","1.3","3","62"
"402","240029","단리","3.5","3.5","12","62"
"403","240029","복리","1.2","1.2","1","62"
"404","240029","복리","1.3","1.3","3","62"
"405","240029","복리","3.5","3.5","12","62"
"406","240031","단리","1.2","1.2","1","63"
"407","240031","단리","1.3","1.3","3","63"
"408","240031","단리","3.8","3.8","6","63"
"409","240031","단리","3.5","3.5","12","63"
"410","240031","단리","3.2","3.2","24","63"
"411","240031","단리","3.2","3.2","36","63"
"412","240031","복리","1.2","1.2","1","63"
"413","240031","복리","1.3","1.3","3","63"
"414","240031","복리","3.8","3.8","6","63"
"415","240031","복리","3.5","3.5","12","63"
"416","240031","복리","3.2","3.2","24","63"
"417","240031","복리","3.2","3.2","36","63"
"418","240033","단리","1.2","1.2","1","64"
"419","240033","단리","1.3","1.3","3","64"
"420","240033","단리","3.8","3.8","6","64"
"421","240033","단리","3.5","3.5","12","64"
"422","240033","단리","3.2","3.2","24","64"
"423","240033","단리","3.2","3.2","36","64"
"424","240033","복리","1.2","1.2","1","64"
"425","240033","복리","1.3","1.3","3","64"
"426","240033","복리","3.8","3.8","6","64"
"427","240033","복리","3.5","3.5","12","64"
"428","240033","복리","3.2","3.2","24","64"
"429","240033","복리","3.2","3.2","36","64"
"430","240037","단리","3.6","3.6","12","66"
"431","240037","복리","3.6","3.6","12","66"
"432","240039","단리","3.6","3.6","12","77"
"433","240039","복리","3.6","3.6","12","77"
"434","240041","단리","3.6","3.6","12","78"
"435","240041","복리","3.6","3.6","12","78"
"436","240042","단리","1","1","1","79"
"437","240042","단리","1.1","1.1","3","79"
"438","240042","단리","3.4","3.4","6","79"
"439","240042","단리","3.4","3.4","12","79"
"440","240042","단리","2.7","2.7","24","79"
"441","240042","단리","2.7","2.7","36","79"
"442","240042","복리","1","1","1","79"
"443","240042","복리","1.1","1.1","3","79"
"444","240042","복리","3.4","3.4","6","79"
"445","240042","복리","3.4","3.4","12","79"
"446","240042","복리","2.7","2.7","24","79"
"447","240042","복리","2.7","2.7","36","79"
"448","240045","단리","1","1","1","80"
"449","240045","단리","1.1","1.1","3","80"
"450","240045","단리","3.4","3.4","6","80"
"451","240045","단리","3.5","3.5","12","80"
"452","240045","단리","2.8","2.8","24","80"
"453","240045","단리","2.8","2.8","36","80"
"454","240045","복리","1","1","1","80"
"455","240045","복리","1.1","1.1","3","80"
"456","240045","복리","3.4","3.4","6","80"
"457","240045","복리","3.5","3.5","12","80"
"458","240045","복리","2.8","2.8","24","80"
"459","240045","복리","2.8","2.8","36","80"
"460","240074","단리","3.5","3.5","12","81"
"461","240074","복리","3.5","3.5","12","81"
"462","240076","단리","3.5","3.5","12","82"
"463","240076","복리","3.5","3.5","12","82"
"464","024240001","단리","1.3","1.3","1","83"
"465","024240001","단리","1.3","1.3","3","83"
"466","024240001","단리","3","3","6","83"
"467","024240001","단리","3.8","3.8","12","83"
"468","024240001","단리","2.8","2.8","24","83"
"469","024240001","단리","2.5","2.5","36","83"
"470","024240001","복리","1.3","1.3","1","83"
"471","024240001","복리","1.3","1.3","3","83"
"472","024240001","복리","3","3","6","83"
"473","024240001","복리","3.8","3.8","12","83"
"474","024240001","복리","2.8","2.8","24","83"
"475","024240001","복리","2.5","2.5","36","83"
"476","024241001","단리","1.3","1.3","1","84"
"477","024241001","단리","1.3","1.3","3","84"
"478","024241001","단리","2.5","2.5","6","84"
"479","024241001","단리","2.5","2.5","12","84"
"480","024241001","단리","2.5","2.5","24","84"
"481","024241001","단리","2.5","2.5","36","84"
"482","024241001","복리","1.3","1.3","1","84"
"483","024241001","복리","1.3","1.3","3","84"
"484","024241001","복리","2.5","2.5","6","84"
"485","024241001","복리","2.5","2.5","12","84"
"486","024241001","복리","2.5","2.5","24","84"
"487","024241001","복리","2.5","2.5","36","84"
"488","024242001","단리","1.3","1.3","1","85"
"489","024242001","단리","1.3","1.3","3","85"
"490","024242001","단리","3.4","3.4","6","85"
"491","024242001","단리","3.4","3.7","12","85"
"492","024242001","단리","2.8","2.8","24","85"
"493","024242001","단리","2.5","2.5","36","85"
"494","024242001","복리","1.3","1.3","1","85"
"495","024242001","복리","1.3","1.3","3","85"
"496","024242001","복리","3.4","3.4","6","85"
"497","024242001","복리","3.4","3.4","12","85"
"498","024242001","복리","2.8","2.8","24","85"
"499","024242001","복리","2.5","2.5","36","85"
"500","250033","단리","2.05","2.15","1","86"
"501","250033","단리","2.35","2.45","3","86"
"502","250033","단리","3.05","3.15","6","86"
"503","250033","단리","3.45","3.55","12","86"
"504","250033","단리","2.5","2.6","24","86"
"505","250033","단리","2.2","2.3","36","86"
"506","250033","복리","2.05","2.15","1","86"
"507","250033","복리","2.35","2.45","3","86"
"508","250033","복리","3.05","3.15","6","86"
"509","250033","복리","3.45","3.55","12","86"
"510","250033","복리","2.5","2.6","24","86"
"511","250033","복리","2.2","2.3","36","86"
"512","250035","단리","3.45","3.65","12","87"
"513","250035","복리","3.45","3.65","12","87"
"514","240001","단리","1","1","1","88"
"515","240001","단리","1.3","1.3","3","88"
"516","240001","단리","2.3","2.3","6","88"
"517","240001","단리","3.62","3.62","12","88"
"518","240001","단리","3","3","24","88"
"519","240001","단리","3","3","36","88"
"520","240001","복리","1","1","1","88"
"521","240001","복리","1.3","1.3","3","88"
"522","240001","복리","2.3","2.3","6","88"
"523","240001","복리","3.62","3.62","12","88"
"524","240001","복리","3","3","24","88"
"525","240001","복리","3","3","36","88"
"526","240002","단리","1","1","1","89"
"527","240002","단리","1.3","1.3","3","89"
"528","240002","단리","2.3","2.3","6","89"
"529","240002","단리","3.62","3.62","12","89"
"530","240002","단리","3","3","24","89"
"531","240002","단리","3","3","36","89"
"532","240002","복리","1","1","1","89"
"533","240002","복리","1.3","1.3","3","89"
"534","240002","복리","2.3","2.3","6","89"
"535","240002","복리","3.62","3.62","12","89"
"536","240002","복리","3","3","24","89"
"537","240002","복리","3","3","36","89"
"538","240010","단리","1","1","1","90"
"539","240010","단리","1.3","1.3","3","90"
"540","240010","단리","2.3","2.3","6","90"
"541","240010","단리","3.62","3.62","12","90"
"542","240010","단리","3","3","24","90"
"543","240010","단리","3","3","36","90"
"544","240010","복리","1","1","1","90"
"545","240010","복리","1.3","1.3","3","90"
"546","240010","복리","2.3","2.3","6","90"
"547","240010","복리","3.62","3.62","12","90"
"548","240010","복리","3","3","24","90"
"549","240010","복리","3","3","36","90"
"550","240033","단리","3.5","3.5","6","64"
"551","240033","복리","3.5","3.5","6","64"
"552","240044","단리","2.2","2.2","1","91"
"553","240044","단리","2.3","2.3","3","91"
"554","240044","단리","2.5","2.5","6","91"
"555","240044","단리","3.55","3.55","12","91"
"556","240044","단리","3.3","3.3","24","91"
"557","240044","복리","2.2","2.2","1","91"
"558","240044","복리","2.3","2.3","3","91"
"559","240044","복리","2.5","2.5","6","91"
"560","240044","복리","3.55","3.55","12","91"
"561","240044","복리","3.3","3.3","24","91"
"562","240046","단리","2.2","2.2","1","92"
"563","240046","단리","2.4","2.4","3","92"
"564","240046","단리","2.6","2.6","6","92"
"565","240046","단리","3.55","3.55","12","92"
"566","240046","단리","3.3","3.3","24","92"
"567","240046","복리","2.2","2.2","1","92"
"568","240046","복리","2.4","2.4","3","92"
"569","240046","복리","2.6","2.6","6","92"
"570","240046","복리","3.55","3.55","12","92"
"571","240046","복리","3.3","3.3","24","92"
"572","240050","단리","3.6","3.6","12","93"
"573","240050","복리","3.6","3.6","12","93"
"574","240052","단리","3.6","3.6","12","94"
"575","240052","복리","3.6","3.6","12","94"
"576","240061","복리","3.2","3.2","3","95"
"577","240062","복리","3.3","3.3","3","96"
"578","240065","복리","2.1","3.6","12","97"
"579","240066","복리","2.1","3.6","12","98"
"580","240069","단리","3.8","3.8","6","99"
"581","240069","복리","3.8","3.8","6","99"
"582","240071","단리","3.8","3.8","6","100"
"583","240071","복리","3.8","3.8","6","100"
"584","24","단리","1.91","1.91","1","101"
"585","24","단리","2.41","2.41","3","101"
"586","24","단리","3.56","3.56","6","101"
"587","24","단리","3.56","3.56","12","101"
"588","24","단리","3.16","3.16","24","101"
"589","24","단리","2.86","2.86","36","101"
"590","24","복리","1.91","1.91","1","101"
"591","24","복리","2.41","2.41","3","101"
"592","24","복리","3.56","3.56","6","101"
"593","24","복리","3.56","3.56","12","101"
"594","24","복리","3.16","3.16","24","101"
"595","24","복리","2.86","2.86","36","101"
"596","24-1","단리","1.91","1.91","1","102"
"597","24-1","단리","2.41","2.41","3","102"
"598","24-1","단리","3.56","3.56","6","102"
"599","24-1","단리","3.56","3.56","12","102"
"600","24-1","단리","3.16","3.16","24","102"
"601","24-1","단리","2.86","2.86","36","102"
"602","24-1","복리","1.91","1.91","1","102"
"603","24-1","복리","2.41","2.41","3","102"
"604","24-1","복리","3.56","3.56","6","102"
"605","24-1","복리","3.56","3.56","12","102"
"606","24-1","복리","3.16","3.16","24","102"
"607","24-1","복리","2.86","2.86","36","102"
"608","24-2","단리","3.61","3.61","12","103"
"609","24-2","단리","3.61","3.61","24","103"
"610","24-2","단리","3.61","3.61","36","103"
"611","24-2","복리","3.61","3.61","12","103"
"612","24-2","복리","3.61","3.61","24","103"
"613","24-2","복리","3.61","3.61","36","103"
"614","24-3","단리","1.91","1.91","1","104"
"615","24-3","단리","2.41","2.41","3","104"
"616","24-3","단리","3.56","3.56","6","104"
"617","24-3","단리","3.56","3.56","12","104"
"618","24-3","단리","3.16","3.16","24","104"
"619","24-3","단리","2.86","2.86","36","104"
"620","24-3","복리","1.91","1.91","1","104"
"621","24-3","복리","2.41","2.41","3","104"
"622","24-3","복리","3.56","3.56","6","104"
"623","24-3","복리","3.56","3.56","12","104"
"624","24-3","복리","3.16","3.16","24","104"
"625","24-3","복리","2.86","2.86","36","104"
"626","24-4","단리","3.61","3.61","12","105"
"627","24-4","단리","3.61","3.61","24","105"
"628","24-4","단리","3.61","3.61","36","105"
"629","24-4","복리","3.61","3.61","12","105"
"630","24-4","복리","3.61","3.61","24","105"
"631","24-4","복리","3.61","3.61","36","105"
"632","24-5","단리","3.61","3.61","12","106"
"633","24-5","단리","3.61","3.61","24","106"
"634","24-5","단리","3.61","3.61","36","106"
"635","24-5","복리","3.61","3.61","12","106"
"636","24-5","복리","3.61","3.61","24","106"
"637","24-5","복리","3.61","3.61","36","106"
"638","240036","단리","3.3","3.3","6","107"
"639","240036","단리","3.4","3.4","12","107"
"640","240036","단리","3.1","3.1","24","107"
"641","240036","단리","2.8","2.8","36","107"
"642","240036","복리","3.3","3.3","6","107"
"643","240036","복리","3.4","3.4","12","107"
"644","240036","복리","3.1","3.1","24","107"
"645","240036","복리","2.8","2.8","36","107"
"646","240037","단리","3.3","3.3","6","66"
"647","240037","단리","3.5","3.5","12","66"
"648","240037","단리","3.1","3.1","24","66"
"649","240037","단리","2.8","2.8","36","66"
"650","240037","복리","3.3","3.3","6","66"
"651","240037","복리","3.5","3.5","12","66"
"652","240037","복리","3.1","3.1","24","66"
"653","240037","복리","2.8","2.8","36","66"
"654","240042","단리","3.5","3.5","12","79"
"655","240042","단리","3.5","3.5","24","79"
"656","240042","단리","3.5","3.5","36","79"
"657","240042","복리","3.5","3.5","12","79"
"658","240042","복리","3.5","3.5","24","79"
"659","240042","복리","3.5","3.5","36","79"
"660","240043","단리","3.5","3.5","12","108"
"661","240043","단리","3.5","3.5","24","108"
"662","240043","단리","3.5","3.5","36","108"
"663","240043","복리","3.5","3.5","12","108"
"664","240043","복리","3.5","3.5","24","108"
"665","240043","복리","3.5","3.5","36","108"
"666","240058","단리","3.3","3.3","6","109"
"667","240058","단리","3.5","3.5","12","109"
"668","240058","단리","3.1","3.1","24","109"
"669","240058","단리","2.8","2.8","36","109"
"670","240058","복리","3.3","3.3","6","109"
"671","240058","복리","3.5","3.5","12","109"
"672","240058","복리","3.1","3.1","24","109"
"673","240058","복리","2.8","2.8","36","109"
"674","240060","단리","3.5","3.5","12","110"
"675","240060","단리","3.5","3.5","24","110"
"676","240060","단리","3.5","3.5","36","110"
"677","240060","복리","3.5","3.5","12","110"
"678","240060","복리","3.5","3.5","24","110"
"679","240060","복리","3.5","3.5","36","110"
"680","KJ0001A","단리","1","1","1","111"
"681","KJ0001A","단리","2","2","3","111"
"682","KJ0001A","단리","3","3","6","111"
"683","KJ0001A","단리","3.6","3.6","12","111"
"684","KJ0001A","단리","2.6","2.6","24","111"
"685","KJ0001A","복리","1","1","1","111"
"686","KJ0001A","복리","2","2","3","111"
"687","KJ0001A","복리","3","3","6","111"
"688","KJ0001A","복리","3.6","3.6","12","111"
"689","KJ0001A","복리","2.6","2.6","24","111"
"690","KJ0004A","단리","1","1","1","112"
"691","KJ0004A","단리","2","2","3","112"
"692","KJ0004A","단리","3","3","6","112"
"693","KJ0004A","단리","3.6","3.6","12","112"
"694","KJ0004A","단리","2.6","2.6","24","112"
"695","KJ0004A","복리","1","1","1","112"
"696","KJ0004A","복리","2","2","3","112"
"697","KJ0004A","복리","3","3","6","112"
"698","KJ0004A","복리","3.6","3.6","12","112"
"699","KJ0004A","복리","2.6","2.6","24","112"
"700","DH001","단리","2","2","1","113"
"701","DH001","단리","2.4","2.4","3","113"
"702","DH001","단리","3.4","3.4","6","113"
"703","DH001","단리","3.6","3.6","12","113"
"704","DH001","단리","3","3","24","113"
"705","DH001","복리","2","2","1","113"
"706","DH001","복리","2.4","2.4","3","113"
"707","DH001","복리","3.4","3.4","6","113"
"708","DH001","복리","3.6","3.6","12","113"
"709","DH001","복리","3","3","24","113"
"710","DH002","단리","2","2","1","114"
"711","DH002","단리","2.4","2.4","3","114"
"712","DH002","단리","3.4","3.4","6","114"
"713","DH002","단리","3.6","3.6","12","114"
"714","DH002","복리","2","2","1","114"
"715","DH002","복리","2.4","2.4","3","114"
"716","DH002","복리","3.4","3.4","6","114"
"717","DH002","복리","3.6","3.6","12","114"
"718","240001","단리","2","2","1","88"
"719","240001","단리","2.2","2.2","3","88"
"720","240001","단리","3.6","3.6","6","88"
"721","240001","단리","3.6","3.6","12","88"
"722","240001","단리","3.6","3.6","24","88"
"723","240001","복리","2","2","1","88"
"724","240001","복리","2.2","2.2","3","88"
"725","240001","복리","3.6","3.6","6","88"
"726","240001","복리","3.6","3.6","12","88"
"727","240001","복리","3.6","3.6","24","88"
"728","240005","단리","2","2","1","115"
"729","240005","단리","2.2","2.2","3","115"
"730","240005","단리","3.6","3.6","6","115"
"731","240005","단리","3.6","3.6","12","115"
"732","240005","단리","3.6","3.6","24","115"
"733","240005","복리","2","2","1","115"
"734","240005","복리","2.2","2.2","3","115"
"735","240005","복리","3.6","3.6","6","115"
"736","240005","복리","3.6","3.6","12","115"
"737","240005","복리","3.6","3.6","24","115"
"738","240007","단리","2","2","1","53"
"739","240007","단리","2.2","2.2","3","53"
"740","240007","단리","3.6","3.6","6","53"
"741","240007","단리","3.6","3.6","12","53"
"742","240007","단리","3.6","3.6","24","53"
"743","240007","복리","2","2","1","53"
"744","240007","복리","2.2","2.2","3","53"
"745","240007","복리","3.6","3.6","6","53"
"746","240007","복리","3.6","3.6","12","53"
"747","240007","복리","3.6","3.6","24","53"
"748","240010","단리","2","2","1","90"
"749","240010","단리","2.2","2.2","3","90"
"750","240010","단리","3.6","3.6","6","90"
"751","240010","단리","3.6","3.6","12","90"
"752","240010","단리","3.6","3.6","24","90"
"753","240010","복리","2","2","1","90"
"754","240010","복리","2.2","2.2","3","90"
"755","240010","복리","3.6","3.6","6","90"
"756","240010","복리","3.6","3.6","12","90"
"757","240010","복리","3.6","3.6","24","90"
"758","240004","단리","1","1","1","72"
"759","240004","단리","1.5","1.5","3","72"
"760","240004","단리","1.9","1.9","6","72"
"761","240004","단리","3.7","3.7","12","72"
"762","240004","단리","1","1","24","72"
"763","240004","복리","1","1","1","72"
"764","240004","복리","1.5","1.5","3","72"
"765","240004","복리","1.9","1.9","6","72"
"766","240004","복리","3.7","3.7","12","72"
"767","240004","복리","1","1","24","72"
"768","240006","단리","1","1","1","116"
"769","240006","단리","1.5","1.5","3","116"
"770","240006","단리","1.9","1.9","6","116"
"771","240006","단리","3.4","3.4","12","116"
"772","240006","단리","1","1","24","116"
"773","240006","복리","1","1","1","116"
"774","240006","복리","1.5","1.5","3","116"
"775","240006","복리","1.9","1.9","6","116"
"776","240006","복리","3.4","3.4","12","116"
"777","240006","복리","1","1","24","116"
"778","240013","단리","2","2","1","117"
"779","240013","단리","2.4","2.4","3","117"
"780","240013","단리","3.2","3.2","6","117"
"781","240013","단리","3.4","3.4","12","117"
"782","240013","단리","3.1","3.1","24","117"
"783","240013","단리","3.1","3.1","36","117"
"784","240013","복리","2","2","1","117"
"785","240013","복리","2.4","2.4","3","117"
"786","240013","복리","3.2","3.2","6","117"
"787","240013","복리","3.4","3.4","12","117"
"788","240013","복리","3.1","3.1","24","117"
"789","240013","복리","3.1","3.1","36","117"
"790","240015","단리","2","2","1","118"
"791","240015","단리","2.4","2.4","3","118"
"792","240015","단리","3.2","3.2","6","118"
"793","240015","단리","3.4","3.4","12","118"
"794","240015","단리","3.1","3.1","24","118"
"795","240015","단리","3.1","3.1","36","118"
"796","240015","복리","2","2","1","118"
"797","240015","복리","2.4","2.4","3","118"
"798","240015","복리","3.2","3.2","6","118"
"799","240015","복리","3.4","3.4","12","118"
"800","240015","복리","3.1","3.1","24","118"
"801","240015","복리","3.1","3.1","36","118"
"802","240017","단리","3.4","3.4","12","119"
"803","240017","복리","3.4","3.4","12","119"
"804","240019","단리","3.4","3.4","12","120"
"805","240019","복리","3.4","3.4","12","120"
"806","KH2400","단리","2","2","1","121"
"807","KH2400","단리","2.7","2.7","3","121"
"808","KH2400","단리","3.7","3.7","6","121"
"809","KH2400","단리","3.5","3.5","12","121"
"810","KH2400","단리","3","3","24","121"
"811","KH2400","단리","3","3","36","121"
"812","KH2400","복리","2","2","1","121"
"813","KH2400","복리","2.7","2.7","3","121"
"814","KH2400","복리","3.7","3.7","6","121"
"815","KH2400","복리","3.5","3.5","12","121"
"816","KH2400","복리","3","3","24","121"
"817","KH2400","복리","3","3","36","121"
"818","KH2401","단리","2.1","2.1","1","122"
"819","KH2401","단리","2.8","2.8","3","122"
"820","KH2401","단리","3.7","3.7","6","122"
"821","KH2401","단리","3.5","3.5","12","122"
"822","KH2401","단리","3","3","24","122"
"823","KH2401","단리","3","3","36","122"
"824","KH2401","복리","2.1","2.1","1","122"
"825","KH2401","복리","2.8","2.8","3","122"
"826","KH2401","복리","3.7","3.7","6","122"
"827","KH2401","복리","3.5","3.5","12","122"
"828","KH2401","복리","3","3","24","122"
"829","KH2401","복리","3","3","36","122"
"830","KH2402","단리","2.1","2.1","1","123"
"831","KH2402","단리","2.8","2.8","3","123"
"832","KH2402","단리","3.7","3.7","6","123"
"833","KH2402","단리","3.5","3.5","12","123"
"834","KH2402","단리","3","3","24","123"
"835","KH2402","단리","3","3","36","123"
"836","KH2402","복리","2.1","2.1","1","123"
"837","KH2402","복리","2.8","2.8","3","123"
"838","KH2402","복리","3.7","3.7","6","123"
"839","KH2402","복리","3.5","3.5","12","123"
"840","KH2402","복리","3","3","24","123"
"841","KH2402","복리","3","3","36","123"
"842","WR0001F","단리","2.8","4.2","12","124"
"843","WR0001F","단리","2.8","4.2","24","124"
"844","WR0001F","단리","2.8","4.2","36","124"
"845","WR0001F","단리","2.6","4","12","124"
"846","WR0001F","단리","2.6","4","24","124"
"847","WR0001F","단리","2.6","4","36","124"
"848","WR0001L","단리","3.7","3.9","12","125"
"849","00266451","단리","3.25","3.25","36","126"
"850","00266451","단리","3.2","3.2","24","126"
"851","00266451","단리","3.15","3.15","12","126"
"852","00266451","단리","2.9","2.9","6","126"
"853","00266451","단리","3.4","3.4","36","126"
"854","00266451","단리","3.35","3.35","24","126"
"855","00266451","단리","3.3","3.3","12","126"
"856","00266451","단리","3","3","6","126"
"857","10521001000846001","단리","3.31","3.86","12","127"
"858","10521001000846001","단리","3.18","3.73","24","127"
"859","10521001000846001","단리","3.2","3.75","36","127"
"860","10527001000925000","단리","3.51","4.06","12","128"
"861","10527001001272000","단리","2.95","3.75","6","129"
"862","10527001001272000","단리","3.65","4.45","12","129"
"863","10527001001278000","단리","3.25","3.7","36","130"
"864","10527001001278000","단리","3.2","3.65","24","130"
"865","10527001001278000","단리","3.3","3.75","12","130"
"866","10527001001278000","단리","2.65","3.1","6","130"
"867","01020400490002","단리","2.7","3.25","6","131"
"868","01020400490002","단리","2.8","3.7","12","131"
"869","01020400510001","단리","2.9","3.3","6","132"
"870","01020400510001","단리","3","3.4","12","132"
"871","01020400510001","단리","2.5","2.9","24","132"
"872","01020400510001","단리","2.5","2.9","36","132"
"873","01020400530001","단리","2.5","2.7","36","133"
"874","01020400530001","단리","2.5","2.7","24","133"
"875","01020400530001","단리","3","3.2","12","133"
"876","01020400530001","단리","2.9","3.1","6","133"
"877","01020400660001","단리","2.8","4.8","1","134"
"878","01020400660001","단리","2.8","4.8","3","134"
"879","01020400660001","단리","2.8","5","6","134"
"880","01020400660001","단리","2.8","5","12","134"
"881","1020400640001","단리","2","8","12","135"
"882","1020400640001","단리","2","8","24","135"
"883","TD11330029000","단리","3","4.2","36","136"
"884","TD11330029000","단리","2.9","4.1","24","136"
"885","TD11330029000","단리","2.8","4","12","136"
"886","TD11330029000","단리","2.7","3.9","6","136"
"887","TD11330029000","단리","3.2","4.4","36","136"
"888","TD11330029000","단리","3.1","4.3","24","136"
"889","TD11330029000","단리","3","4.2","12","136"
"890","TD11330029000","단리","2.9","4.1","6","136"
"891","TD11330030000","단리","2.8","4.7","12","137"
"892","TD11330030000","단리","2.6","4.5","12","137"
"893","TD11330031000","단리","3.3","3.8","12","138"
"894","TD11330031000","단리","3","3.5","12","138"
"895","220002101","단리","3.25","5.35","12","139"
"896","220002101","단리","2.95","5.05","6","139"
"897","220002501","단리","3.6","5.1","12","140"
"898","220002501","단리","3.8","5.3","24","140"
"899","220002701","단리","2.1","4.8","6","141"
"900","220002701","단리","2.3","5","12","141"
"901","10-01-30-031-0018-0000","단리","3.35","3.45","12","142"
"902","10-01-30-031-0018-0000","단리","3.45","3.55","24","142"
"903","10-01-30-031-0018-0000","단리","3.45","3.55","36","142"
"904","10-01-30-031-0036","단리","3.45","3.55","12","143"
"905","10-01-30-031-0036","단리","3.55","3.65","24","143"
"906","10-01-30-031-0036","단리","3.55","3.65","36","143"
"907","10-01-30-031-0049-0000","단리","2","6","6","144"
"908","21000111","단리","3.15","4.15","12","145"
"909","21000111","단리","3.25","4.25","24","145"
"910","21000111","단리","3.35","4.35","36","145"
"911","21001116","단리","3.35","4.05","6","146"
"912","21001116","단리","3.45","4.15","12","146"
"913","21001116","단리","3.55","4.25","24","146"
"914","21001199","단리","2.55","5.05","36","147"
"915","21001199","단리","2.55","5.05","24","147"
"916","21001199","단리","2.55","5.05","12","147"
"917","21001199","단리","2.25","4.75","6","147"
"918","21001199","단리","2.2","4.7","1","147"
"919","21001236","단리","3.3","4.9","12","148"
"920","21001236","단리","3.35","4.95","24","148"
"921","21001236","단리","3.4","5","36","148"
"922","21001259","단리","3.45","5.2","1","149"
"923","21001259","단리","3.45","5.2","3","149"
"924","21001259","단리","3.45","5.2","6","149"
"925","21001268","단리","2.2","7.7","1","150"
"926","01211210113","단리","3.3","4.8","12","151"
"927","01211210113","단리","3.1","4.6","6","151"
"928","01211210113","단리","2.9","4.4","3","151"
"929","01211210113","단리","2.9","4.4","1","151"
"930","01211210121","단리","2.5","4.5","12","152"
"931","01211210122","단리","3.5","5.7","12","153"
"932","03101","단리","2.54","2.54","6","154"
"933","03101","단리","2.47","2.47","12","154"
"934","03101","단리","2.31","2.31","24","154"
"935","03101","단리","2.29","2.29","36","154"
"936","03700","단리","2.74","2.74","36","155"
"937","03700","단리","2.76","2.76","24","155"
"938","03700","단리","3.07","3.07","12","155"
"939","03700","단리","2.94","2.94","6","155"
"940","03700","단리","2.68","2.68","3","155"
"941","03700","단리","2.68","2.68","1","155"
"942","010200100051","단리","2.5","3.4","12","156"
"943","010200100051","단리","2.7","3.7","24","156"
"944","010200100051","단리","2.8","4","36","156"
"945","010200100084","단리","2.55","3.35","12","157"
"946","010200100084","단리","2.75","3.65","24","157"
"947","010200100084","단리","3.05","4.05","36","157"
"948","010200100092","단리","3.25","4.75","36","158"
"949","010200100092","단리","3.05","4.55","24","158"
"950","010200100092","단리","2.75","4.25","12","158"
"951","010200100104","단리","2","6","1","159"
"952","010200100104","단리","2","6","3","159"
"953","010200100104","단리","2","6","6","159"
"954","010200100109","단리","2.5","8","12","160"
"955","230-0119-85","단리","2.9","4.2","12","161"
"956","230-0119-85","단리","2.95","4.25","24","161"
"957","230-0119-85","단리","3","4.3","36","161"
"958","10-047-1360-0002","단리","2.75","4.45","6","162"
"959","10-047-1360-0002","단리","2.55","4.25","3","162"
"960","10-047-1360-0002","단리","2.45","4.15","1","162"
"961","10-047-1365-0001","복리","2.75","6.25","6","163"
"962","10-047-1365-0001","복리","2.85","6.35","12","163"
"963","10-047-1365-0001","복리","2.9","6.4","24","163"
"964","10-047-1381-0001","단리","2.85","3.85","12","164"
"965","10-047-1381-0001","단리","2.9","3.9","24","164"
"966","10-047-1381-0001","단리","3","4","36","164"
"967","10-047-1387-0001","단리","3.15","4.15","12","165"
"968","10-047-1387-0001","단리","3.2","4.2","24","165"
"969","10-047-1387-0001","단리","3.3","4.3","36","165"
"970","10-059-1264-0001","복리","3.12","3.92","36","166"
"971","10-059-1264-0001","복리","3.07","3.87","24","166"
"972","10-059-1264-0001","복리","3.2","4","12","166"
"973","52","복리","3.3","4.3","12","167"
"974","52","복리","3.4","4.4","24","167"
"975","52","복리","3.5","4.5","36","167"
"976","53","단리","2.5","3","36","168"
"977","53","단리","2.4","2.9","24","168"
"978","53","단리","2.3","2.8","12","168"
"979","53","단리","2.2","2.7","6","168"
"980","53","단리","2.8","3.3","36","168"
"981","53","단리","2.7","3.2","24","168"
"982","53","단리","2.6","3.1","12","168"
"983","53","단리","2.5","3","6","168"
"984","01012000200000000003","단리","3.2","3.2","1","169"
"985","01012000200000000003","단리","3.4","3.4","3","169"
"986","01012000200000000003","단리","3.5","3.5","6","169"
"987","01012000200000000003","단리","3.8","3.8","12","169"
"988","01012000200000000003","단리","3.85","3.85","24","169"
"989","01012000200000000003","단리","3.9","3.9","36","169"
"990","01012000200000000004","단리","1.5","7.5","1","170"
"991","01012000210000000000","단리","3.8","4.4","36","171"
"992","01012000210000000000","단리","3.75","4.35","24","171"
"993","01012000210000000000","단리","3.7","4.3","12","171"
"994","01012000210000000000","단리","3.4","4","6","171"
"995","10140114300011","단리","3.5","4","12","172"
"996","10140114300011","단리","3","3.5","24","172"
"997","10140114300011","단리","3.3","3.8","36","172"
"998","10141109800021","복리","2.2","2.9","12","173"
"999","10141109800021","복리","1.8","2.5","24","173"
"1000","10141109800021","복리","1.9","2.6","36","173"
"1001","10141114300011","단리","3.15","3.65","12","174"
"1002","10141114300011","단리","2.35","2.85","24","174"
"1003","10141114300011","단리","2.35","2.85","36","174"
"1004","10-01-30-355-0002","단리","3.5","3.7","36","175"
"1005","10-01-30-355-0002","단리","3.5","3.7","24","175"
"1006","10-01-30-355-0002","단리","3.5","3.7","12","175"
"1007","10-01-30-355-0002","단리","3.3","3.5","6","175"
"1008","10-01-30-355-0005","단리","2.5","5.5","6","176"
"1009","10-01-30-355-0006","단리","1.5","7","1","177"
"1010","1001303001001","단리","2","4","6","178"
"1011","1001303001003","단리","2","4.5","6","179"
"1012","1001303001004","단리","1.5","2","3","180"
"1013","1001303001004","단리","2","2.5","6","180"
"1014","1001303001004","단리","3","3.5","12","180"
"1015","1001303001004","단리","3","3.5","24","180"
"1016","1001303001004","단리","3","3.5","36","180"
"1017","1001303001005","단리","3","5.5","12","181"
"1018","HK00002","단리","1.4","1.4","3","182"
"1019","HK00002","단리","1.6","1.6","6","182"
"1020","HK00002","단리","2.2","2.2","12","182"
"1021","HK00002","단리","2.2","2.2","24","182"
"1022","HK00002","단리","2.3","2.3","36","182"
"1023","HK00002","복리","1.4","1.4","3","182"
"1024","HK00002","복리","1.6","1.6","6","182"
"1025","HK00002","복리","2.2","2.2","12","182"
"1026","HK00002","복리","2.2","2.2","24","182"
"1027","HK00002","복리","2.3","2.3","36","182"
"1028","HK00003","복리","2.8","3.2","36","183"
"1029","HK00003","복리","2.7","3.1","24","183"
"1030","HK00003","복리","2.6","3","12","183"
"1031","HK00003","단리","2.8","3.2","36","183"
"1032","HK00003","단리","2.7","3.1","24","183"
"1033","HK00003","단리","2.6","3","12","183"
"1034","HK00101","단리","2.5","5","12","184"
"1035","HK00101","복리","2.5","5","12","184"
"1036","31000","단리","3.8","3.8","36","185"
"1037","31000","단리","3.7","3.7","24","185"
"1038","31000","단리","3.6","3.6","12","185"
"1039","31000","단리","2.2","2.2","6","185"
"1040","31003","단리","3.2","3.2","12","186"
"1041","31003","단리","3.2","3.2","24","186"
"1042","31003","단리","3.2","3.2","36","186"
"1043","0803","복리","3.6","4","12","187"
"1044","310000","복리","4.1","4.1","36","188"
"1045","310000","복리","4.1","4.1","24","188"
"1046","310000","복리","4","4","12","188"
"1047","310000","복리","2.8","2.8","6","188"
"1048","310000","단리","4.1","4.1","36","188"
"1049","310000","단리","4.1","4.1","24","188"
"1050","310000","단리","4","4","12","188"
"1051","310000","단리","2.8","2.8","6","188"
"1052","310007","단리","2.9","2.9","6","189"
"1053","310007","단리","4.1","4.1","12","189"
"1054","310007","단리","4.2","4.2","24","189"
"1055","310007","단리","4.2","4.2","36","189"
"1056","310007","복리","2.9","2.9","6","189"
"1057","310007","복리","4.1","4.1","12","189"
"1058","310007","복리","4.2","4.2","24","189"
"1059","310007","복리","4.2","4.2","36","189"
"1060","310806","복리","4.3","4.3","36","190"
"1061","310806","복리","4.3","4.3","24","190"
"1062","310806","복리","4.2","4.2","12","190"
"1063","310806","복리","3","3","6","190"
"1064","310806","단리","4.3","4.3","36","190"
"1065","310806","단리","4.3","4.3","24","190"
"1066","310806","단리","4.2","4.2","12","190"
"1067","310806","단리","3","3","6","190"
"1068","310807","단리","4","6.5","12","191"
"1069","310807","복리","4","6.5","12","191"
"1070","310010","복리","3.8","3.8","36","192"
"1071","310010","복리","3.8","3.8","24","192"
"1072","310010","복리","3.7","3.7","12","192"
"1073","310010","복리","3.3","3.3","6","192"
"1074","310010","단리","3.8","3.8","36","192"
"1075","310010","단리","3.8","3.8","24","192"
"1076","310010","단리","3.7","3.7","12","192"
"1077","310010","단리","3.3","3.3","6","192"
"1078","310011","단리","3.4","3.4","6","193"
"1079","310011","단리","3.8","3.8","12","193"
"1080","310011","단리","3.9","3.9","24","193"
"1081","310011","단리","3.9","3.9","36","193"
"1082","310011","복리","3.4","3.4","6","193"
"1083","310011","복리","3.8","3.8","12","193"
"1084","310011","복리","3.9","3.9","24","193"
"1085","310011","복리","3.9","3.9","36","193"
"1086","310013","복리","3.9","3.9","36","194"
"1087","310013","복리","3.9","3.9","24","194"
"1088","310013","복리","3.8","3.8","12","194"
"1089","310013","복리","3.4","3.4","6","194"
"1090","310013","단리","3.9","3.9","36","194"
"1091","310013","단리","3.9","3.9","24","194"
"1092","310013","단리","3.8","3.8","12","194"
"1093","310013","단리","3.4","3.4","6","194"
"1094","MK310001","단리","3","3","6","195"
"1095","MK310001","단리","3.6","3.6","12","195"
"1096","MK310001","단리","3.6","3.6","24","195"
"1097","MK310001","단리","3.4","3.4","36","195"
"1098","MK310004","단리","3.5","3.5","36","196"
"1099","MK310004","단리","3.7","3.7","24","196"
"1100","MK310004","단리","3.7","3.7","12","196"
"1101","MK310004","단리","3","3","6","196"
"1102","MK310017","단리","3","3","6","197"
"1103","MK310017","단리","3.7","3.7","12","197"
"1104","MK310017","단리","3.7","3.7","24","197"
"1105","MK310017","단리","3.5","3.5","36","197"
"1106","MK310022","단리","3","3","6","198"
"1107","MK310022","단리","3.7","3.7","12","198"
"1108","MK310022","단리","3.7","3.7","24","198"
"1109","MK310022","단리","3.5","3.5","36","198"
"1110","2001","단리","3.3","3.3","6","199"
"1111","2001","단리","3.7","3.7","12","199"
"1112","2001","단리","3.3","3.3","24","199"
"1113","2002","단리","3.1","3.1","24","200"
"1114","2002","단리","3.5","3.5","12","200"
"1115","310002","단리","3.5","3.5","12","201"
"1116","310002","단리","3.6","3.6","24","201"
"1117","310002","단리","3.7","3.7","36","201"
"1118","310002","복리","3.5","3.5","12","201"
"1119","310002","복리","3.6","3.6","24","201"
"1120","310002","복리","3.7","3.7","36","201"
"1121","310003","단리","3.7","3.7","12","202"
"1122","310003","단리","3.8","3.8","24","202"
"1123","310003","단리","3.9","3.9","36","202"
"1124","310003","복리","3.7","3.7","12","202"
"1125","310003","복리","3.8","3.8","24","202"
"1126","310003","복리","3.9","3.9","36","202"
"1127","310004","복리","3.9","3.9","36","203"
"1128","310004","복리","3.8","3.8","24","203"
"1129","310004","복리","3.7","3.7","12","203"
"1130","310004","단리","3.9","3.9","36","203"
"1131","310004","단리","3.8","3.8","24","203"
"1132","310004","단리","3.7","3.7","12","203"
"1133","310005","단리","2.1","2.1","6","204"
"1134","310005","단리","4.2","4.2","12","204"
"1135","310005","단리","3.9","3.9","24","204"
"1136","310005","단리","3.7","3.7","36","204"
"1137","310006","단리","2.2","2.2","6","205"
"1138","310006","단리","4.3","4.3","12","205"
"1139","310006","단리","4","4","24","205"
"1140","310006","단리","3.8","3.8","36","205"
"1141","310007","단리","3.8","3.8","36","189"
"1142","310007","단리","4","4","24","189"
"1143","310007","단리","4.3","4.3","12","189"
"1144","310007","단리","2.2","2.2","6","189"
"1145","310027","단리","2.1","2.1","6","206"
"1146","310027","단리","3.1","3.1","12","206"
"1147","310027","단리","3.2","3.2","24","206"
"1148","310027","단리","3.3","3.3","36","206"
"1149","310028","단리","2.1","2.1","6","207"
"1150","310028","단리","3.2","3.2","12","207"
"1151","310028","단리","3.3","3.3","24","207"
"1152","310028","단리","3.4","3.4","36","207"
"1153","024310001","단리","2.4","2.4","6","208"
"1154","024310001","단리","2.6","2.6","12","208"
"1155","024310001","단리","2.8","2.8","24","208"
"1156","024310001","단리","2.8","2.8","36","208"
"1157","024311001","단리","2.8","2.8","36","209"
"1158","024311001","단리","2.8","2.8","24","209"
"1159","024311001","단리","2.6","2.6","12","209"
"1160","024311001","단리","2.4","2.4","6","209"
"1161","024312001","단리","2.4","2.4","6","210"
"1162","024312001","단리","2.6","2.6","12","210"
"1163","024312001","단리","2.8","2.8","24","210"
"1164","024312001","단리","2.8","2.8","36","210"
"1165","310000","단리","2.7","2.7","6","188"
"1166","310000","단리","3.6","3.6","12","188"
"1167","310000","단리","2.7","2.7","24","188"
"1168","310000","단리","2.4","2.4","36","188"
"1169","380008","복리","2.35","2.45","3","211"
"1170","380008","복리","3.05","3.15","6","211"
"1171","380008","복리","3.45","3.55","12","211"
"1172","380008","복리","2.5","2.6","24","211"
"1173","310001","단리","3","3","36","212"
"1174","310001","단리","3","3","24","212"
"1175","310001","단리","3","3","12","212"
"1176","310001","단리","2","2","6","212"
"1177","310004","단리","2.1","2.1","6","203"
"1178","310004","단리","3.1","3.1","12","203"
"1179","310004","단리","3.1","3.1","24","203"
"1180","310004","단리","3.1","3.1","36","203"
"1181","310009","단리","2.1","2.1","6","213"
"1182","310009","단리","3.1","3.1","12","213"
"1183","310009","단리","3.1","3.1","24","213"
"1184","310009","단리","3.1","3.1","36","213"
"1185","310005","단리","3","3","12","204"
"1186","310005","단리","3","3","24","204"
"1187","310005","단리","3","3","36","204"
"1188","310006","단리","3","3","36","205"
"1189","310006","단리","3","3","24","205"
"1190","310006","단리","3","3","12","205"
"1191","310008","단리","3","3","12","214"
"1192","310008","단리","3","3","24","214"
"1193","310018","단리","3.6","3.6","6","215"
"1194","310018","단리","4.1","4.1","12","215"
"1195","310018","단리","4.3","4.3","24","215"
"1196","310018","단리","4.3","4.3","36","215"
"1197","310019","단리","3.6","3.6","6","216"
"1198","310019","단리","4.1","4.1","12","216"
"1199","310019","단리","4.3","4.3","24","216"
"1200","310019","단리","4.3","4.3","36","216"
"1201","31","단리","3.5","3.5","36","217"
"1202","31","단리","3.5","3.5","24","217"
"1203","31","단리","3.5","3.5","12","217"
"1204","31-1","단리","3.55","3.55","12","218"
"1205","31-1","단리","3.55","3.55","24","218"
"1206","31-1","단리","3.55","3.55","36","218"
"1207","310007","단리","2.5","2.5","6","189"
"1208","310007","단리","4","4","12","189"
"1209","310007","단리","3.5","3.5","24","189"
"1210","310007","단리","3.2","3.2","36","189"
"1211","310008","단리","2.5","2.5","6","214"
"1212","310008","단리","4","4","12","214"
"1213","310008","단리","3.5","3.5","24","214"
"1214","310008","단리","3.2","3.2","36","214"
"1215","310009","단리","3.2","3.2","36","213"
"1216","310009","단리","3.5","3.5","24","213"
"1217","310009","단리","4","4","12","213"
"1218","310009","단리","2.5","2.5","6","213"
"1219","310010","단리","2.5","2.5","6","192"
"1220","310010","단리","4","4","12","192"
"1221","310010","단리","3.5","3.5","24","192"
"1222","310010","단리","3.2","3.2","36","192"
"1223","310016","단리","2.5","2.5","6","219"
"1224","310016","단리","4","4","12","219"
"1225","310016","단리","3.5","3.5","24","219"
"1226","310016","단리","3.2","3.2","36","219"
"1227","310017","단리","3","6","6","220"
"1228","310017","단리","4","7","12","220"
"1229","KJ0001B","단리","1.6","1.6","24","221"
"1230","KJ0001B","단리","2.6","2.6","12","221"
"1231","KJ0001B","단리","2","2","6","221"
"1232","KJ0004B","단리","2","2","6","222"
"1233","KJ0004B","단리","2.6","2.6","12","222"
"1234","KJ0004B","단리","1.6","1.6","24","222"
"1235","DH003","단리","3","3","6","223"
"1236","DH003","단리","4","4","12","223"
"1237","DH003","단리","4.1","4.1","24","223"
"1238","DH003","단리","4.1","4.1","36","223"
"1239","DH003","복리","3","3","6","223"
"1240","DH003","복리","4","4","12","223"
"1241","DH003","복리","4.1","4.1","24","223"
"1242","DH003","복리","4.1","4.1","36","223"
"1243","DH004","복리","4.1","4.1","36","224"
"1244","DH004","복리","4.1","4.1","24","224"
"1245","DH004","복리","4","4","12","224"
"1246","DH004","복리","3","3","6","224"
"1247","DH004","단리","4.1","4.1","36","224"
"1248","DH004","단리","4.1","4.1","24","224"
"1249","DH004","단리","4","4","12","224"
"1250","DH004","단리","3","3","6","224"
"1251","310001","단리","3","3","6","212"
"1252","310001","단리","3.5","3.5","12","212"
"1253","310001","단리","3.5","3.5","24","212"
"1254","310001","단리","3.5","3.5","36","212"
"1255","310001","복리","3","3","6","212"
"1256","310001","복리","3.5","3.5","12","212"
"1257","310001","복리","3.5","3.5","24","212"
"1258","310001","복리","3.5","3.5","36","212"
"1259","310005","복리","3.5","3.5","36","204"
"1260","310005","복리","3.5","3.5","24","204"
"1261","310005","복리","3.5","3.5","12","204"
"1262","310005","복리","3","3","6","204"
"1263","310005","단리","3.5","3.5","36","204"
"1264","310005","단리","3.5","3.5","24","204"
"1265","310005","단리","3.5","3.5","12","204"
"1266","310005","단리","3","3","6","204"
"1267","310006","단리","3","3","6","205"
"1268","310006","단리","3.5","3.5","12","205"
"1269","310006","단리","3.5","3.5","24","205"
"1270","310006","단리","3.5","3.5","36","205"
"1271","310006","복리","3","3","6","205"
"1272","310006","복리","3.5","3.5","12","205"
"1273","310006","복리","3.5","3.5","24","205"
"1274","310006","복리","3.5","3.5","36","205"
"1275","310009","복리","3.5","3.5","36","213"
"1276","310009","복리","3.5","3.5","24","213"
"1277","310009","복리","3.5","3.5","12","213"
"1278","310009","복리","3","3","6","213"
"1279","310009","단리","3.5","3.5","36","213"
"1280","310009","단리","3.5","3.5","12","213"
"1281","310009","단리","3","3","6","213"
"1282","310012","단리","3","3","6","225"
"1283","310012","단리","3.5","3.5","12","225"
"1284","310012","단리","3.5","3.5","24","225"
"1285","310012","단리","3.5","3.5","36","225"
"1286","310012","복리","3","3","6","225"
"1287","310012","복리","3.5","3.5","12","225"
"1288","310012","복리","3.5","3.5","24","225"
"1289","310012","복리","3.5","3.5","36","225"
"1290","310003","단리","2.5","2.5","36","202"
"1291","310003","단리","2.4","2.4","24","202"
"1292","310003","단리","2.3","2.3","12","202"
"1293","310003","단리","2.2","2.2","6","202"
"1294","310004","단리","2.3","2.3","6","203"
"1295","310004","단리","2.4","2.4","12","203"
"1296","310004","단리","2.5","2.5","24","203"
"1297","310004","단리","2.6","2.6","36","203"
"1298","310009","단리","1.8","1.8","1","213"
"1299","310009","단리","1.8","1.8","3","213"
"1300","310009","단리","3.9","3.9","24","213"
"1301","310009","단리","3.8","3.8","36","213"
"1302","310010","단리","3.9","3.9","24","192"
"1303","310010","단리","3","3","6","192"
"1304","310010","단리","1.8","1.8","3","192"
"1305","310010","단리","1.8","1.8","1","192"
"1306","KH3100","단리","3","3","36","226"
"1307","KH3100","단리","3","3","24","226"
"1308","KH3100","단리","3.5","3.5","12","226"
"1309","KH3100","단리","3.7","3.7","6","226"
"1310","KH3100","단리","2.7","2.7","3","226"
"1311","KH3100","단리","2","2","1","226"
"1312","KH3100","단리","3.9","3.9","36","226"
"1313","KH3100","단리","3.9","3.9","24","226"
"1314","KH3100","단리","3.9","3.9","12","226"
"1315","KH3100","단리","3.3","3.3","6","226"
"1316","KH3101","단리","3","3","36","227"
"1317","KH3101","단리","3","3","24","227"
"1318","KH3101","단리","3.5","3.5","12","227"
"1319","KH3101","단리","3.7","3.7","6","227"
"1320","KH3101","단리","2.8","2.8","3","227"
"1321","KH3101","단리","2.1","2.1","1","227"
"1322","KH3101","단리","4","4","36","227"
"1323","KH3101","단리","4","4","24","227"
"1324","KH3101","단리","4","4","12","227"
"1325","KH3101","단리","3.4","3.4","6","227"
"1326","KH3102","단리","4","4","12","228"
"1327","KH3102","단리","4","4","24","228"
"1328","KH3102","단리","4","4","36","228"
"1329","KH3103","단리","4","4","36","229"
"1330","KH3103","단리","4","4","24","229"
"1331","KH3103","단리","4","4","12","229"
"1332","KH3103","단리","3.4","3.4","6","229"
"1333","310006","단리","4","4","12","205"
"1334","310006","단리","3.8","3.8","24","205"
"1335","310007","단리","3","3","6","189"
"1336","310007","단리","3.8","3.8","24","189"
"1337","310009","단리","4.3","4.3","12","213"
"1338","310035","단리","3.4","3.4","36","230"
"1339","310035","단리","3.4","3.4","24","230"
"1340","310035","단리","3.6","3.6","12","230"
"1341","310036","단리","3.7","3.7","12","231"
"1342","310036","단리","3.5","3.5","24","231"
"1343","310036","단리","3.5","3.5","36","231"
"1344","310037","단리","3.7","3.7","12","232"
"1345","310037","단리","3.5","3.5","24","232"
"1346","310037","단리","3.5","3.5","36","232"
"1347","310038","단리","3.7","3.7","12","233"
"1348","310038","단리","3.5","3.5","24","233"
"1349","310038","단리","3.5","3.5","36","233"
"1350","310000","단리","1.7","1.7","6","188"
"1351","310000","단리","2.3","2.3","12","188"
"1352","310000","단리","2.4","2.4","24","188"
"1353","310000","단리","2.5","2.5","36","188"
"1354","310005","단리","3.5","3.5","6","204"
"1355","310005","단리","4","4","12","204"
"1356","310005","단리","4","4","24","204"
"1357","310006","단리","3.7","3.7","12","205"
"1358","310006","단리","3.9","3.9","36","205"
"1359","310007","단리","3.5","3.5","6","189"
"1360","310009","단리","4.2","4.2","36","213"
"1361","310009","단리","4.1","4.1","24","213"
"1362","310009","단리","2","2","6","213"
"1363","310010","복리","4.2","4.2","36","192"
"1364","310010","복리","4.1","4.1","24","192"
"1365","310010","복리","4","4","12","192"
"1366","310010","복리","2","2","6","192"
"1367","310010","단리","4.2","4.2","36","192"
"1368","310010","단리","4.1","4.1","24","192"
"1369","310010","단리","2","2","6","192"
"1370","310008","단리","3.5","3.5","36","214"
"1371","310008","단리","3.8","3.8","24","214"
"1372","310008","단리","3.2","3.2","6","214"
"1373","31-0001","단리","3.8","3.8","6","234"
"1374","31-0001","단리","3.8","3.8","12","234"
"1375","31-0001","단리","3.8","3.8","24","234"
"1376","31-0001","단리","3.8","3.8","36","234"
"1377","31-0002","단리","3.8","3.8","36","235"
"1378","31-0002","단리","3.8","3.8","24","235"
"1379","31-0002","단리","3.8","3.8","12","235"
"1380","31-0002","단리","3.8","3.8","6","235"
"1381","31-0003","단리","3.8","3.8","6","236"
"1382","31-0003","단리","3.8","3.8","12","236"
"1383","31-0003","단리","3.8","3.8","24","236"
"1384","31-0003","단리","3.8","3.8","36","236"
"1385","NY310006","단리","3.9","3.9","6","237"
"1386","NY310006","단리","4","4","12","237"
"1387","NY310006","단리","4.1","4.1","24","237"
"1388","NY310006","단리","4.2","4.2","36","237"
"1389","NY310007","단리","3.9","3.9","6","238"
"1390","NY310007","단리","4","4","12","238"
"1391","NY310007","단리","4.1","4.1","24","238"
"1392","NY310007","단리","4.2","4.2","36","238"
"1393","NY310009","단리","4.2","4.2","36","239"
"1394","NY310009","단리","4.1","4.1","24","239"
"1395","NY310009","단리","4","4","12","239"
"1396","NY310009","단리","3.9","3.9","6","239"
"1397","310001","단리","2.5","2.5","6","212"
"1398","310001","단리","3.9","3.9","12","212"
"1399","310001","단리","3.4","3.4","24","212"
"1400","310001","단리","3.4","3.4","36","212"
"1401","310005","단리","2.5","2.5","6","204"
"1402","310005","단리","3.9","3.9","12","204"
"1403","310005","단리","3.4","3.4","24","204"
"1404","310005","단리","3.4","3.4","36","204"
"1405","310006","단리","3.6","3.6","36","205"
"1406","310006","단리","3.6","3.6","24","205"
"1407","310006","단리","4.1","4.1","12","205"
"1408","310006","단리","2.7","2.7","6","205"
"1409","310011","단리","2.5","2.5","6","193"
"1410","310011","단리","3.9","3.9","12","193"
"1411","310011","단리","3.4","3.4","24","193"
"1412","310011","단리","3.4","3.4","36","193"
"1413","310008","단리","3","3","6","214"
"1414","310008","단리","3.3","3.3","24","214"
"1415","310008","단리","3.4","3.4","36","214"
"1416","310009","단리","4.1","4.1","12","213"
"1417","310009","단리","3.4","3.4","24","213"
"1418","310010","단리","3.5","3.5","36","192"
"1419","310010","단리","3.4","3.4","24","192"
"1420","310010","단리","4.1","4.1","12","192"
"1421","310011","단리","1.4","1.4","6","193"
"1422","310011","단리","1.7","1.7","12","193"
"1423","310011","단리","1.8","1.8","24","193"
"1424","310011","단리","1.9","1.9","36","193"
"1425","310012","단리","1.4","1.4","6","225"
"1426","310012","단리","1.7","1.7","12","225"
"1427","310012","단리","1.8","1.8","24","225"
"1428","310012","단리","1.9","1.9","36","225"
"1429","310006","단리","2.6","2.6","6","205"
"1430","310007","단리","3.9","3.9","36","189"
"1431","310007","단리","3.7","3.7","12","189"
"1432","310007","단리","2.6","2.6","6","189"
"1433","310009","단리","2.6","2.6","6","213"
"1434","310009","단리","3.7","3.7","12","213"
"1435","310009","단리","3.8","3.8","24","213"
"1436","310009","단리","3.9","3.9","36","213"
"1437","310010","단리","2.8","2.8","6","192"
"1438","310010","단리","3.8","3.8","12","192"
"1439","310010","단리","3.7","3.7","24","192"
"1440","310010","단리","3.6","3.6","36","192"
"1441","3100109","단리","2.8","2.8","6","240"
"1442","3100109","단리","3.8","3.8","12","240"
"1443","3100109","단리","3.7","3.7","24","240"
"1444","3100109","단리","3.6","3.6","36","240"
